Customer ID,Recency,Frequency,Monetary,R,F,M,RFM_Score,Segment,Cluster,KPIs
AA-10315,185,5,5563.56,2,2,5,9,Potential Loyalists,1,"['Encourage More Frequent Purchases', 'Targeted Promotions']"
AA-10375,20,9,1056.39,5,5,2,12,Loyal Customers,0,"['Maintain Engagement', 'Cross-selling Products']"
AA-10480,260,4,1790.512,1,1,3,5,Need Attention,1,"['Reactivation Campaigns', 'Feedback Collection']"
AA-10645,56,6,5086.9349999999995,3,3,5,11,Loyal Customers,0,"['Maintain Engagement', 'Cross-selling Products']"
AB-10015,417,3,886.156,1,1,1,3,At Risk,3,"['Win-back Strategies', 'Special Discounts']"
AB-10060,55,8,7755.620000000001,3,4,5,12,Loyal Customers,0,"['Maintain Engagement', 'Cross-selling Products']"
AB-10105,42,10,14473.570999999998,4,5,5,14,Best Customers,0,"['Increase Loyalty Programs', 'Upselling Opportunities']"
AB-10150,42,5,966.71,4,2,2,8,Potential Loyalists,1,"['Encourage More Frequent Purchases', 'Targeted Promotions']"
AB-10165,26,8,1113.838,5,4,2,11,Loyal Customers,0,"['Maintain Engagement', 'Cross-selling Products']"
AB-10255,167,9,914.532,2,5,1,8,Potential Loyalists,0,"['Encourage More Frequent Purchases', 'Targeted Promotions']"
AB-10600,51,4,1515.862,4,1,2,7,Potential Loyalists,1,"['Encourage More Frequent Purchases', 'Targeted Promotions']"
AC-10420,233,3,925.8000000000001,1,1,1,3,At Risk,1,"['Win-back Strategies', 'Special Discounts']"
AC-10450,12,7,5527.846,5,3,5,13,Best Customers,0,"['Increase Loyalty Programs', 'Upselling Opportunities']"
AC-10615,7,5,2537.6859999999997,5,2,3,10,Loyal Customers,1,"['Maintain Engagement', 'Cross-selling Products']"
AC-10660,283,5,657.316,1,2,1,4,At Risk,1,"['Win-back Strategies', 'Special Discounts']"
AD-10180,30,8,6106.88,4,4,5,13,Best Customers,0,"['Increase Loyalty Programs', 'Upselling Opportunities']"
AF-10870,42,7,2052.908,4,3,3,10,Loyal Customers,1,"['Maintain Engagement', 'Cross-selling Products']"
AF-10885,417,4,861.565,1,1,1,3,At Risk,3,"['Win-back Strategies', 'Special Discounts']"
AG-10270,279,5,2582.8979999999997,1,2,3,6,Need Attention,1,"['Reactivation Campaigns', 'Feedback Collection']"
AG-10300,119,4,367.548,2,1,1,4,At Risk,2,"['Win-back Strategies', 'Special Discounts']"
AG-10330,9,5,660.972,5,2,1,8,Potential Loyalists,1,"['Encourage More Frequent Purchases', 'Targeted Promotions']"
AG-10390,115,5,200.945,2,2,1,5,Need Attention,2,"['Reactivation Campaigns', 'Feedback Collection']"
AG-10495,79,8,2356.855,3,4,3,10,Loyal Customers,0,"['Maintain Engagement', 'Cross-selling Products']"
AG-10525,846,4,1455.038,1,1,2,4,At Risk,3,"['Win-back Strategies', 'Special Discounts']"
AG-10675,98,7,3489.0396,3,3,4,10,Loyal Customers,0,"['Maintain Engagement', 'Cross-selling Products']"
AG-10765,78,4,170.584,3,1,1,5,Need Attention,2,"['Reactivation Campaigns', 'Feedback Collection']"
AG-10900,97,10,4510.7970000000005,3,5,5,13,Best Customers,0,"['Increase Loyalty Programs', 'Upselling Opportunities']"
AH-10030,13,7,1744.7,5,3,3,11,Loyal Customers,1,"['Maintain Engagement', 'Cross-selling Products']"
AH-10075,35,10,3250.337,4,5,4,13,Best Customers,0,"['Increase Loyalty Programs', 'Upselling Opportunities']"
AH-10120,61,7,1735.5140000000001,3,3,2,8,Potential Loyalists,1,"['Encourage More Frequent Purchases', 'Targeted Promotions']"
AH-10195,56,4,1587.4520000000002,3,1,2,6,Need Attention,1,"['Reactivation Campaigns', 'Feedback Collection']"
AH-10210,7,9,4805.344,5,5,5,15,Best Customers,0,"['Increase Loyalty Programs', 'Upselling Opportunities']"
AH-10465,231,5,2495.3916,1,2,3,6,Need Attention,1,"['Reactivation Campaigns', 'Feedback Collection']"
AH-10585,22,4,738.504,5,1,1,7,Potential Loyalists,1,"['Encourage More Frequent Purchases', 'Targeted Promotions']"
AH-10690,412,12,7888.294,1,5,5,11,Loyal Customers,0,"['Maintain Engagement', 'Cross-selling Products']"
AI-10855,14,10,4375.786,5,5,5,15,Best Customers,0,"['Increase Loyalty Programs', 'Upselling Opportunities']"
AJ-10780,76,7,4867.344,3,3,5,11,Loyal Customers,0,"['Maintain Engagement', 'Cross-selling Products']"
AJ-10795,167,7,4501.391,2,3,5,10,Loyal Customers,0,"['Maintain Engagement', 'Cross-selling Products']"
AJ-10945,86,7,1839.24,3,3,3,9,Potential Loyalists,1,"['Encourage More Frequent Purchases', 'Targeted Promotions']"
AJ-10960,75,3,629.2479999999999,3,1,1,5,Need Attention,1,"['Reactivation Campaigns', 'Feedback Collection']"
AM-10360,29,5,814.012,4,2,1,7,Potential Loyalists,1,"['Encourage More Frequent Purchases', 'Targeted Promotions']"
AM-10705,163,8,5664.022,2,4,5,11,Loyal Customers,0,"['Maintain Engagement', 'Cross-selling Products']"
AO-10810,503,1,161.28,1,1,1,3,At Risk,2,"['Win-back Strategies', 'Special Discounts']"
AP-10720,42,8,1638.554,4,4,2,10,Loyal Customers,0,"['Maintain Engagement', 'Cross-selling Products']"
AP-10915,99,10,3323.5560000000005,3,5,4,12,Loyal Customers,0,"['Maintain Engagement', 'Cross-selling Products']"
AR-10345,112,4,1055.694,2,1,2,5,Need Attention,1,"['Reactivation Campaigns', 'Feedback Collection']"
AR-10405,126,5,2236.1279999999997,2,2,3,7,Potential Loyalists,1,"['Encourage More Frequent Purchases', 'Targeted Promotions']"
AR-10510,15,5,264.86400000000003,5,2,1,8,Potential Loyalists,2,"['Encourage More Frequent Purchases', 'Targeted Promotions']"
AR-10540,7,6,6608.448,5,3,5,13,Best Customers,0,"['Increase Loyalty Programs', 'Upselling Opportunities']"
AR-10570,536,1,88.15,1,1,1,3,At Risk,2,"['Win-back Strategies', 'Special Discounts']"
AR-10825,59,8,4523.336,3,4,5,12,Loyal Customers,0,"['Maintain Engagement', 'Cross-selling Products']"
AS-10045,89,7,3050.692,3,3,4,10,Loyal Customers,0,"['Maintain Engagement', 'Cross-selling Products']"
AS-10090,29,9,3255.31,4,5,4,13,Best Customers,0,"['Increase Loyalty Programs', 'Upselling Opportunities']"
AS-10135,42,2,58.82,4,1,1,6,Need Attention,2,"['Reactivation Campaigns', 'Feedback Collection']"
AS-10225,23,5,4260.784,5,2,4,11,Loyal Customers,1,"['Maintain Engagement', 'Cross-selling Products']"
AS-10240,193,7,584.6080000000001,2,3,1,6,Need Attention,1,"['Reactivation Campaigns', 'Feedback Collection']"
AS-10285,20,6,3214.236,5,3,4,12,Loyal Customers,1,"['Maintain Engagement', 'Cross-selling Products']"
AS-10630,93,7,833.398,3,3,1,7,Potential Loyalists,1,"['Encourage More Frequent Purchases', 'Targeted Promotions']"
AT-10435,22,6,1171.814,5,3,2,10,Loyal Customers,1,"['Maintain Engagement', 'Cross-selling Products']"
AT-10735,14,10,3831.864,5,5,4,14,Best Customers,0,"['Increase Loyalty Programs', 'Upselling Opportunities']"
AW-10840,21,4,649.3760000000001,5,1,1,7,Potential Loyalists,1,"['Encourage More Frequent Purchases', 'Targeted Promotions']"
AW-10930,47,7,2852.9680000000003,4,3,4,11,Loyal Customers,0,"['Maintain Engagement', 'Cross-selling Products']"
AY-10555,15,4,497.014,5,1,1,7,Potential Loyalists,1,"['Encourage More Frequent Purchases', 'Targeted Promotions']"
AZ-10750,161,6,1622.018,2,3,2,7,Potential Loyalists,1,"['Encourage More Frequent Purchases', 'Targeted Promotions']"
BB-10990,106,5,744.34,2,2,1,5,Need Attention,1,"['Reactivation Campaigns', 'Feedback Collection']"
BB-11545,29,9,6765.728,4,5,5,14,Best Customers,0,"['Increase Loyalty Programs', 'Upselling Opportunities']"
BC-11125,203,9,2933.6760000000004,2,5,4,11,Loyal Customers,0,"['Maintain Engagement', 'Cross-selling Products']"
BD-11320,34,12,5718.521000000001,4,5,5,14,Best Customers,0,"['Increase Loyalty Programs', 'Upselling Opportunities']"
BD-11500,36,6,4411.243,4,3,5,12,Loyal Customers,1,"['Maintain Engagement', 'Cross-selling Products']"
BD-11560,279,2,320.54,1,1,1,3,At Risk,2,"['Win-back Strategies', 'Special Discounts']"
BD-11605,98,7,3288.471,3,3,4,10,Loyal Customers,0,"['Maintain Engagement', 'Cross-selling Products']"
BD-11620,70,6,1538.1100000000001,3,3,2,8,Potential Loyalists,1,"['Encourage More Frequent Purchases', 'Targeted Promotions']"
BD-11635,10,3,582.6460000000001,5,1,1,7,Potential Loyalists,1,"['Encourage More Frequent Purchases', 'Targeted Promotions']"
BD-11725,94,6,1526.5,3,3,2,8,Potential Loyalists,1,"['Encourage More Frequent Purchases', 'Targeted Promotions']"
BD-11770,329,6,658.466,1,3,1,5,Need Attention,1,"['Reactivation Campaigns', 'Feedback Collection']"
BE-11335,120,5,4204.676,2,2,4,8,Potential Loyalists,1,"['Encourage More Frequent Purchases', 'Targeted Promotions']"
BE-11410,99,5,2261.438,3,2,3,8,Potential Loyalists,1,"['Encourage More Frequent Purchases', 'Targeted Promotions']"
BE-11455,255,6,1727.652,1,3,2,6,Need Attention,1,"['Reactivation Campaigns', 'Feedback Collection']"
BF-10975,92,7,599.798,3,3,1,7,Potential Loyalists,1,"['Encourage More Frequent Purchases', 'Targeted Promotions']"
BF-11005,40,4,1333.88,4,1,2,7,Potential Loyalists,1,"['Encourage More Frequent Purchases', 'Targeted Promotions']"
BF-11020,75,8,2888.5060000000003,3,4,4,11,Loyal Customers,0,"['Maintain Engagement', 'Cross-selling Products']"
BF-11080,26,3,272.95,5,1,1,7,Potential Loyalists,2,"['Encourage More Frequent Purchases', 'Targeted Promotions']"
BF-11170,17,11,5907.972000000001,5,5,5,15,Best Customers,0,"['Increase Loyalty Programs', 'Upselling Opportunities']"
BF-11215,66,4,1585.162,3,1,2,6,Need Attention,1,"['Reactivation Campaigns', 'Feedback Collection']"
BF-11275,58,3,791.99,3,1,1,5,Need Attention,1,"['Reactivation Campaigns', 'Feedback Collection']"
BG-11035,29,8,2798.948,4,4,4,12,Loyal Customers,0,"['Maintain Engagement', 'Cross-selling Products']"
BG-11695,37,6,1874.1719999999998,4,3,3,10,Loyal Customers,1,"['Maintain Engagement', 'Cross-selling Products']"
BG-11740,58,6,1006.356,3,3,2,8,Potential Loyalists,1,"['Encourage More Frequent Purchases', 'Targeted Promotions']"
BH-11710,24,8,6255.351000000001,5,4,5,14,Best Customers,0,"['Increase Loyalty Programs', 'Upselling Opportunities']"
BK-11260,78,6,659.138,3,3,1,7,Potential Loyalists,1,"['Encourage More Frequent Purchases', 'Targeted Promotions']"
BM-11140,309,4,11789.63,1,1,5,7,Potential Loyalists,1,"['Encourage More Frequent Purchases', 'Targeted Promotions']"
BM-11575,101,6,808.162,3,3,1,7,Potential Loyalists,1,"['Encourage More Frequent Purchases', 'Targeted Promotions']"
BM-11650,34,11,7294.185,4,5,5,14,Best Customers,0,"['Increase Loyalty Programs', 'Upselling Opportunities']"
BM-11785,219,10,1338.8419999999999,2,5,2,9,Potential Loyalists,0,"['Encourage More Frequent Purchases', 'Targeted Promotions']"
BN-11470,25,4,265.296,5,1,1,7,Potential Loyalists,2,"['Encourage More Frequent Purchases', 'Targeted Promotions']"
BN-11515,10,5,1459.344,5,2,2,9,Potential Loyalists,1,"['Encourage More Frequent Purchases', 'Targeted Promotions']"
BO-11350,138,5,2682.728,2,2,3,7,Potential Loyalists,1,"['Encourage More Frequent Purchases', 'Targeted Promotions']"
BO-11425,76,2,130.83,3,1,1,5,Need Attention,2,"['Reactivation Campaigns', 'Feedback Collection']"
BP-11050,84,5,983.42,3,2,2,7,Potential Loyalists,1,"['Encourage More Frequent Purchases', 'Targeted Promotions']"
BP-11095,18,12,2442.044,5,5,3,13,Best Customers,0,"['Increase Loyalty Programs', 'Upselling Opportunities']"
BP-11155,90,6,1697.8609999999999,3,3,2,8,Potential Loyalists,1,"['Encourage More Frequent Purchases', 'Targeted Promotions']"
BP-11185,2,9,3675.8610000000003,5,5,4,14,Best Customers,0,"['Increase Loyalty Programs', 'Upselling Opportunities']"
BP-11230,40,5,1181.49,4,2,2,8,Potential Loyalists,1,"['Encourage More Frequent Purchases', 'Targeted Promotions']"
BP-11290,13,7,2475.157,5,3,3,11,Loyal Customers,0,"['Maintain Engagement', 'Cross-selling Products']"
BS-11365,560,5,10501.653,1,2,5,8,Potential Loyalists,3,"['Encourage More Frequent Purchases', 'Targeted Promotions']"
BS-11380,29,5,3887.8340000000003,4,2,4,10,Loyal Customers,1,"['Maintain Engagement', 'Cross-selling Products']"
BS-11590,36,6,2454.9280000000003,4,3,3,10,Loyal Customers,1,"['Maintain Engagement', 'Cross-selling Products']"
BS-11665,584,3,3288.1100000000006,1,1,4,6,Need Attention,3,"['Reactivation Campaigns', 'Feedback Collection']"
BS-11755,2,7,2562.382,5,3,3,11,Loyal Customers,0,"['Maintain Engagement', 'Cross-selling Products']"
BS-11800,266,2,949.4300000000001,1,1,1,3,At Risk,1,"['Win-back Strategies', 'Special Discounts']"
BT-11305,338,5,2567.656,1,2,3,6,Need Attention,1,"['Reactivation Campaigns', 'Feedback Collection']"
BT-11395,303,6,2186.6130000000003,1,3,3,7,Potential Loyalists,1,"['Encourage More Frequent Purchases', 'Targeted Promotions']"
BT-11440,562,4,603.876,1,1,1,3,At Risk,3,"['Win-back Strategies', 'Special Discounts']"
BT-11485,661,2,415.19599999999997,1,1,1,3,At Risk,3,"['Win-back Strategies', 'Special Discounts']"
BT-11530,92,5,2684.492,3,2,3,8,Potential Loyalists,1,"['Encourage More Frequent Purchases', 'Targeted Promotions']"
BT-11680,21,7,3196.752,5,3,4,12,Loyal Customers,0,"['Maintain Engagement', 'Cross-selling Products']"
BV-11245,336,5,1523.2730000000001,1,2,2,5,Need Attention,1,"['Reactivation Campaigns', 'Feedback Collection']"
BW-11065,213,3,385.516,2,1,1,4,At Risk,2,"['Win-back Strategies', 'Special Discounts']"
BW-11110,122,8,4750.358,2,4,5,11,Loyal Customers,0,"['Maintain Engagement', 'Cross-selling Products']"
BW-11200,204,6,1738.406,2,3,2,7,Potential Loyalists,1,"['Encourage More Frequent Purchases', 'Targeted Promotions']"
CA-11965,97,6,3789.7228,3,3,4,10,Loyal Customers,1,"['Maintain Engagement', 'Cross-selling Products']"
CA-12055,403,5,1679.7240000000002,1,2,2,5,Need Attention,3,"['Reactivation Campaigns', 'Feedback Collection']"
CA-12265,57,9,2648.2872,3,5,3,11,Loyal Customers,0,"['Maintain Engagement', 'Cross-selling Products']"
CA-12310,14,4,1421.954,5,1,2,8,Potential Loyalists,1,"['Encourage More Frequent Purchases', 'Targeted Promotions']"
CA-12775,121,7,3041.566,2,3,4,9,Potential Loyalists,0,"['Encourage More Frequent Purchases', 'Targeted Promotions']"
CB-12025,48,10,6076.139,4,5,5,14,Best Customers,0,"['Increase Loyalty Programs', 'Upselling Opportunities']"
CB-12415,27,8,1949.1999999999998,5,4,3,12,Loyal Customers,0,"['Maintain Engagement', 'Cross-selling Products']"
CB-12535,198,8,4246.4555,2,4,4,10,Loyal Customers,0,"['Maintain Engagement', 'Cross-selling Products']"
CC-12100,459,6,1770.9450000000002,1,3,3,7,Potential Loyalists,3,"['Encourage More Frequent Purchases', 'Targeted Promotions']"
CC-12145,107,7,2471.65,2,3,3,8,Potential Loyalists,0,"['Encourage More Frequent Purchases', 'Targeted Promotions']"
CC-12220,21,12,3913.4179999999997,5,5,4,14,Best Customers,0,"['Increase Loyalty Programs', 'Upselling Opportunities']"
CC-12370,44,5,12129.072,4,2,5,11,Loyal Customers,0,"['Maintain Engagement', 'Cross-selling Products']"
CC-12430,1,10,2870.05,5,5,4,14,Best Customers,0,"['Increase Loyalty Programs', 'Upselling Opportunities']"
CC-12475,40,9,1659.438,4,5,2,11,Loyal Customers,0,"['Maintain Engagement', 'Cross-selling Products']"
CC-12550,28,3,113.832,4,1,1,6,Need Attention,2,"['Reactivation Campaigns', 'Feedback Collection']"
CC-12610,35,7,2540.631,4,3,3,10,Loyal Customers,0,"['Maintain Engagement', 'Cross-selling Products']"
CC-12670,30,7,2269.7015,4,3,3,10,Loyal Customers,0,"['Maintain Engagement', 'Cross-selling Products']"
CC-12685,800,4,2854.1150000000002,1,1,4,6,Need Attention,3,"['Reactivation Campaigns', 'Feedback Collection']"
CD-11920,41,5,2033.968,4,2,3,9,Potential Loyalists,1,"['Encourage More Frequent Purchases', 'Targeted Promotions']"
CD-11980,55,3,639.766,3,1,1,5,Need Attention,1,"['Reactivation Campaigns', 'Feedback Collection']"
CD-12280,43,2,1205.584,4,1,2,7,Potential Loyalists,1,"['Encourage More Frequent Purchases', 'Targeted Promotions']"
CD-12790,401,5,1860.732,1,2,3,6,Need Attention,3,"['Reactivation Campaigns', 'Feedback Collection']"
CG-12040,50,6,904.4680000000001,4,3,1,8,Potential Loyalists,1,"['Encourage More Frequent Purchases', 'Targeted Promotions']"
CG-12520,340,3,1148.78,1,1,2,4,At Risk,3,"['Win-back Strategies', 'Special Discounts']"
CH-12070,692,3,1537.236,1,1,2,4,At Risk,3,"['Win-back Strategies', 'Special Discounts']"
CJ-11875,367,1,16.520000000000003,1,1,1,3,At Risk,2,"['Win-back Strategies', 'Special Discounts']"
CJ-12010,190,8,11164.974,2,4,5,11,Loyal Customers,0,"['Maintain Engagement', 'Cross-selling Products']"
CK-12205,40,13,3154.855,4,5,4,13,Best Customers,0,"['Increase Loyalty Programs', 'Upselling Opportunities']"
CK-12325,121,5,2945.321,2,2,4,8,Potential Loyalists,1,"['Encourage More Frequent Purchases', 'Targeted Promotions']"
CK-12595,44,11,2372.75,4,5,3,12,Loyal Customers,0,"['Maintain Engagement', 'Cross-selling Products']"
CK-12760,83,9,1582.109,3,5,2,10,Loyal Customers,0,"['Maintain Engagement', 'Cross-selling Products']"
CL-11890,107,4,1262.0140000000001,2,1,2,5,Need Attention,1,"['Reactivation Campaigns', 'Feedback Collection']"
CL-12565,285,12,10880.546,1,5,5,11,Loyal Customers,0,"['Maintain Engagement', 'Cross-selling Products']"
CL-12700,106,5,2353.586,2,2,3,7,Potential Loyalists,1,"['Encourage More Frequent Purchases', 'Targeted Promotions']"
CM-11815,132,6,1673.8880000000001,2,3,2,7,Potential Loyalists,1,"['Encourage More Frequent Purchases', 'Targeted Promotions']"
CM-11935,709,2,565.3919999999999,1,1,1,3,At Risk,3,"['Win-back Strategies', 'Special Discounts']"
CM-12115,9,4,1661.6100000000001,5,1,2,8,Potential Loyalists,1,"['Encourage More Frequent Purchases', 'Targeted Promotions']"
CM-12160,27,6,2533.314,5,3,3,11,Loyal Customers,1,"['Maintain Engagement', 'Cross-selling Products']"
CM-12190,9,6,1475.144,5,3,2,10,Loyal Customers,1,"['Maintain Engagement', 'Cross-selling Products']"
CM-12235,387,5,2305.712,1,2,3,6,Need Attention,3,"['Reactivation Campaigns', 'Feedback Collection']"
CM-12385,38,4,8954.02,4,1,5,10,Loyal Customers,1,"['Maintain Engagement', 'Cross-selling Products']"
CM-12445,438,3,287.99,1,1,1,3,At Risk,2,"['Win-back Strategies', 'Special Discounts']"
CM-12655,28,6,6339.5576,4,3,5,12,Loyal Customers,0,"['Maintain Engagement', 'Cross-selling Products']"
CM-12715,1036,4,3984.4524,1,1,4,6,Need Attention,3,"['Reactivation Campaigns', 'Feedback Collection']"
CP-12085,83,8,5402.253999999999,3,4,5,12,Loyal Customers,0,"['Maintain Engagement', 'Cross-selling Products']"
CP-12340,161,8,5888.275000000001,2,4,5,11,Loyal Customers,0,"['Maintain Engagement', 'Cross-selling Products']"
CR-12580,58,4,2148.852,3,1,3,7,Potential Loyalists,1,"['Encourage More Frequent Purchases', 'Targeted Promotions']"
CR-12625,472,3,475.9000000000001,1,1,1,3,At Risk,3,"['Win-back Strategies', 'Special Discounts']"
CR-12730,79,4,1600.55,3,1,2,6,Need Attention,1,"['Reactivation Campaigns', 'Feedback Collection']"
CR-12820,86,3,1397.8724,3,1,2,6,Need Attention,1,"['Reactivation Campaigns', 'Feedback Collection']"
CS-11845,92,5,1278.9540000000002,3,2,2,7,Potential Loyalists,1,"['Encourage More Frequent Purchases', 'Targeted Promotions']"
CS-11860,163,6,537.6320000000001,2,3,1,6,Need Attention,1,"['Reactivation Campaigns', 'Feedback Collection']"
CS-11950,26,11,3036.547,5,5,4,14,Best Customers,0,"['Increase Loyalty Programs', 'Upselling Opportunities']"
CS-12130,491,4,884.6400000000001,1,1,1,3,At Risk,3,"['Win-back Strategies', 'Special Discounts']"
CS-12175,233,5,844.4580000000001,1,2,1,4,At Risk,1,"['Win-back Strategies', 'Special Discounts']"
CS-12250,27,12,2754.216,5,5,4,14,Best Customers,0,"['Increase Loyalty Programs', 'Upselling Opportunities']"
CS-12355,7,11,3202.1620000000003,5,5,4,14,Best Customers,0,"['Increase Loyalty Programs', 'Upselling Opportunities']"
CS-12400,3,9,3651.8585000000003,5,5,4,14,Best Customers,0,"['Increase Loyalty Programs', 'Upselling Opportunities']"
CS-12460,28,2,550.644,4,1,1,6,Need Attention,2,"['Reactivation Campaigns', 'Feedback Collection']"
CS-12490,426,4,1077.2285000000002,1,1,2,4,At Risk,3,"['Win-back Strategies', 'Special Discounts']"
CS-12505,59,6,5690.055,3,3,5,11,Loyal Customers,0,"['Maintain Engagement', 'Cross-selling Products']"
CT-11995,97,8,3241.898,3,4,4,11,Loyal Customers,0,"['Maintain Engagement', 'Cross-selling Products']"
CV-12295,255,5,2830.628,1,2,4,7,Potential Loyalists,1,"['Encourage More Frequent Purchases', 'Targeted Promotions']"
CV-12805,6,9,2370.3136,5,5,3,13,Best Customers,0,"['Increase Loyalty Programs', 'Upselling Opportunities']"
CW-11905,23,6,1136.592,5,3,2,10,Loyal Customers,1,"['Maintain Engagement', 'Cross-selling Products']"
CY-12745,61,8,2900.0260000000003,3,4,4,11,Loyal Customers,0,"['Maintain Engagement', 'Cross-selling Products']"
Co-12640,551,5,1300.076,1,2,2,5,Need Attention,3,"['Reactivation Campaigns', 'Feedback Collection']"
DA-13450,354,4,156.76,1,1,1,3,At Risk,2,"['Win-back Strategies', 'Special Discounts']"
DB-12910,22,8,2171.599,5,4,3,12,Loyal Customers,0,"['Maintain Engagement', 'Cross-selling Products']"
DB-12970,242,5,2839.2272,1,2,4,7,Potential Loyalists,1,"['Encourage More Frequent Purchases', 'Targeted Promotions']"
DB-13060,17,7,4531.646000000001,5,3,5,13,Best Customers,0,"['Increase Loyalty Programs', 'Upselling Opportunities']"
DB-13120,49,7,2973.094,4,3,4,11,Loyal Customers,0,"['Maintain Engagement', 'Cross-selling Products']"
DB-13210,10,10,2332.5769999999998,5,5,3,13,Best Customers,0,"['Increase Loyalty Programs', 'Upselling Opportunities']"
DB-13270,54,8,4655.897,4,4,5,13,Best Customers,0,"['Increase Loyalty Programs', 'Upselling Opportunities']"
DB-13360,265,5,1081.4660000000001,1,2,2,5,Need Attention,1,"['Reactivation Campaigns', 'Feedback Collection']"
DB-13405,188,4,1711.692,2,1,2,5,Need Attention,1,"['Reactivation Campaigns', 'Feedback Collection']"
DB-13555,108,7,3908.8028,2,3,4,9,Potential Loyalists,0,"['Encourage More Frequent Purchases', 'Targeted Promotions']"
DB-13615,34,7,1989.05,4,3,3,10,Loyal Customers,1,"['Maintain Engagement', 'Cross-selling Products']"
DB-13660,13,7,1155.202,5,3,2,10,Loyal Customers,1,"['Maintain Engagement', 'Cross-selling Products']"
DC-12850,38,9,3336.1680000000006,4,5,4,13,Best Customers,0,"['Increase Loyalty Programs', 'Upselling Opportunities']"
DC-13285,24,5,1174.618,5,2,2,9,Potential Loyalists,1,"['Encourage More Frequent Purchases', 'Targeted Promotions']"
DD-13570,42,6,269.54200000000003,4,3,1,8,Potential Loyalists,2,"['Encourage More Frequent Purchases', 'Targeted Promotions']"
DE-13255,720,5,2550.874,1,2,3,6,Need Attention,3,"['Reactivation Campaigns', 'Feedback Collection']"
DF-13135,701,3,2390.534,1,1,3,5,Need Attention,3,"['Reactivation Campaigns', 'Feedback Collection']"
DG-13300,33,5,3195.818,4,2,4,10,Loyal Customers,1,"['Maintain Engagement', 'Cross-selling Products']"
DH-13075,278,6,4932.872,1,3,5,9,Potential Loyalists,1,"['Encourage More Frequent Purchases', 'Targeted Promotions']"
DH-13675,777,4,1043.096,1,1,2,4,At Risk,3,"['Win-back Strategies', 'Special Discounts']"
DJ-13420,639,4,2012.52,1,1,3,5,Need Attention,3,"['Reactivation Campaigns', 'Feedback Collection']"
DJ-13510,49,8,2501.688,4,4,3,11,Loyal Customers,0,"['Maintain Engagement', 'Cross-selling Products']"
DJ-13630,13,3,3356.3979999999997,5,1,4,10,Loyal Customers,1,"['Maintain Engagement', 'Cross-selling Products']"
DK-12835,22,12,3256.48,5,5,4,14,Best Customers,0,"['Increase Loyalty Programs', 'Upselling Opportunities']"
DK-12895,46,5,4282.176,4,2,4,10,Loyal Customers,1,"['Maintain Engagement', 'Cross-selling Products']"
DK-12985,8,5,1687.04,5,2,2,9,Potential Loyalists,1,"['Encourage More Frequent Purchases', 'Targeted Promotions']"
DK-13090,43,7,2650.557,4,3,3,10,Loyal Customers,0,"['Maintain Engagement', 'Cross-selling Products']"
DK-13150,11,2,797.832,5,1,1,7,Potential Loyalists,1,"['Encourage More Frequent Purchases', 'Targeted Promotions']"
DK-13225,11,9,4802.394,5,5,5,15,Best Customers,0,"['Increase Loyalty Programs', 'Upselling Opportunities']"
DK-13375,20,8,3318.486,5,4,4,13,Best Customers,0,"['Increase Loyalty Programs', 'Upselling Opportunities']"
DL-12865,101,8,1503.112,3,4,2,9,Potential Loyalists,0,"['Encourage More Frequent Purchases', 'Targeted Promotions']"
DL-12925,58,6,3272.2,3,3,4,10,Loyal Customers,1,"['Maintain Engagement', 'Cross-selling Products']"
DL-13315,23,8,1458.258,5,4,2,11,Loyal Customers,0,"['Maintain Engagement', 'Cross-selling Products']"
DL-13330,58,4,585.02,3,1,1,5,Need Attention,1,"['Reactivation Campaigns', 'Feedback Collection']"
DL-13495,77,8,3539.322,3,4,4,11,Loyal Customers,0,"['Maintain Engagement', 'Cross-selling Products']"
DM-12955,115,7,1322.034,2,3,2,7,Potential Loyalists,1,"['Encourage More Frequent Purchases', 'Targeted Promotions']"
DM-13015,58,7,6345.103,3,3,5,11,Loyal Customers,0,"['Maintain Engagement', 'Cross-selling Products']"
DM-13345,23,8,4074.4720000000007,5,4,4,13,Best Customers,0,"['Increase Loyalty Programs', 'Upselling Opportunities']"
DM-13525,483,3,1376.792,1,1,2,4,At Risk,3,"['Win-back Strategies', 'Special Discounts']"
DN-13690,218,7,2139.79,2,3,3,8,Potential Loyalists,1,"['Encourage More Frequent Purchases', 'Targeted Promotions']"
DO-13435,134,9,1300.0315,2,5,2,9,Potential Loyalists,0,"['Encourage More Frequent Purchases', 'Targeted Promotions']"
DO-13645,27,7,1267.316,5,3,2,10,Loyal Customers,1,"['Maintain Engagement', 'Cross-selling Products']"
DP-13000,127,9,1050.636,2,5,2,9,Potential Loyalists,0,"['Encourage More Frequent Purchases', 'Targeted Promotions']"
DP-13105,7,8,2215.0020000000004,5,4,3,12,Loyal Customers,0,"['Maintain Engagement', 'Cross-selling Products']"
DP-13165,813,2,1058.616,1,1,2,4,At Risk,3,"['Win-back Strategies', 'Special Discounts']"
DP-13390,360,9,5480.724,1,5,5,11,Loyal Customers,0,"['Maintain Engagement', 'Cross-selling Products']"
DR-12880,4,9,6528.034000000001,5,5,5,15,Best Customers,0,"['Increase Loyalty Programs', 'Upselling Opportunities']"
DR-12940,51,8,8350.868,4,4,5,13,Best Customers,0,"['Increase Loyalty Programs', 'Upselling Opportunities']"
DS-13030,94,4,1762.213,3,1,3,7,Potential Loyalists,1,"['Encourage More Frequent Purchases', 'Targeted Promotions']"
DS-13180,24,9,2881.8128,5,5,4,14,Best Customers,0,"['Increase Loyalty Programs', 'Upselling Opportunities']"
DV-13045,20,5,1119.4830000000002,5,2,2,9,Potential Loyalists,1,"['Encourage More Frequent Purchases', 'Targeted Promotions']"
DV-13465,30,6,3341.5870000000004,4,3,4,11,Loyal Customers,1,"['Maintain Engagement', 'Cross-selling Products']"
DW-13195,70,6,1080.751,3,3,2,8,Potential Loyalists,1,"['Encourage More Frequent Purchases', 'Targeted Promotions']"
DW-13480,218,5,5271.628000000001,2,2,5,9,Potential Loyalists,1,"['Encourage More Frequent Purchases', 'Targeted Promotions']"
DW-13540,99,5,344.08000000000004,3,2,1,6,Need Attention,2,"['Reactivation Campaigns', 'Feedback Collection']"
DW-13585,243,7,1204.854,1,3,2,6,Need Attention,1,"['Reactivation Campaigns', 'Feedback Collection']"
Dl-13600,120,5,755.602,2,2,1,5,Need Attention,1,"['Reactivation Campaigns', 'Feedback Collection']"
Dp-13240,85,11,7198.7609999999995,3,5,5,13,Best Customers,0,"['Increase Loyalty Programs', 'Upselling Opportunities']"
EA-14035,153,13,2846.705,2,5,4,11,Loyal Customers,0,"['Maintain Engagement', 'Cross-selling Products']"
EB-13705,49,9,3644.978,4,5,4,13,Best Customers,0,"['Increase Loyalty Programs', 'Upselling Opportunities']"
EB-13750,36,10,3236.314,4,5,4,13,Best Customers,0,"['Increase Loyalty Programs', 'Upselling Opportunities']"
EB-13840,91,5,4358.128,3,2,5,10,Loyal Customers,1,"['Maintain Engagement', 'Cross-selling Products']"
EB-13870,101,10,2767.219,3,5,4,12,Loyal Customers,0,"['Maintain Engagement', 'Cross-selling Products']"
EB-13930,162,5,944.6,2,2,1,5,Need Attention,1,"['Reactivation Campaigns', 'Feedback Collection']"
EB-13975,1,4,1643.255,5,1,2,8,Potential Loyalists,1,"['Encourage More Frequent Purchases', 'Targeted Promotions']"
EB-14110,114,6,3071.1259999999997,2,3,4,9,Potential Loyalists,1,"['Encourage More Frequent Purchases', 'Targeted Promotions']"
EB-14170,83,6,1186.326,3,3,2,8,Potential Loyalists,1,"['Encourage More Frequent Purchases', 'Targeted Promotions']"
EC-14050,54,5,461.914,4,2,1,7,Potential Loyalists,1,"['Encourage More Frequent Purchases', 'Targeted Promotions']"
ED-13885,136,8,3484.92,2,4,4,10,Loyal Customers,0,"['Maintain Engagement', 'Cross-selling Products']"
EG-13900,23,5,1832.02,5,2,3,10,Loyal Customers,1,"['Maintain Engagement', 'Cross-selling Products']"
EH-13765,136,12,10310.880000000001,2,5,5,12,Loyal Customers,0,"['Maintain Engagement', 'Cross-selling Products']"
EH-13945,218,8,684.171,2,4,1,7,Potential Loyalists,1,"['Encourage More Frequent Purchases', 'Targeted Promotions']"
EH-13990,407,6,825.95,1,3,1,5,Need Attention,3,"['Reactivation Campaigns', 'Feedback Collection']"
EH-14005,3,7,1219.5300000000002,5,3,2,10,Loyal Customers,1,"['Maintain Engagement', 'Cross-selling Products']"
EH-14125,153,10,3082.6530000000002,2,5,4,11,Loyal Customers,0,"['Maintain Engagement', 'Cross-selling Products']"
EH-14185,106,6,923.8839999999999,2,3,1,6,Need Attention,1,"['Reactivation Campaigns', 'Feedback Collection']"
EJ-13720,303,4,2162.174,1,1,3,5,Need Attention,1,"['Reactivation Campaigns', 'Feedback Collection']"
EJ-14155,58,5,2656.691,3,2,3,8,Potential Loyalists,1,"['Encourage More Frequent Purchases', 'Targeted Promotions']"
EK-13795,45,4,1303.478,4,1,2,7,Potential Loyalists,1,"['Encourage More Frequent Purchases', 'Targeted Promotions']"
EL-13735,78,2,124.28,3,1,1,5,Need Attention,2,"['Reactivation Campaigns', 'Feedback Collection']"
EM-13810,133,5,2567.01,2,2,3,7,Potential Loyalists,1,"['Encourage More Frequent Purchases', 'Targeted Promotions']"
EM-13825,56,8,2339.598,3,4,3,10,Loyal Customers,0,"['Maintain Engagement', 'Cross-selling Products']"
EM-13960,152,5,933.7040000000001,2,2,1,5,Need Attention,1,"['Reactivation Campaigns', 'Feedback Collection']"
EM-14065,48,4,228.99,4,1,1,6,Need Attention,2,"['Reactivation Campaigns', 'Feedback Collection']"
EM-14095,114,4,1041.0420000000001,2,1,2,5,Need Attention,1,"['Reactivation Campaigns', 'Feedback Collection']"
EM-14140,49,6,4588.436,4,3,5,12,Loyal Customers,0,"['Maintain Engagement', 'Cross-selling Products']"
EM-14200,159,3,366.822,2,1,1,4,At Risk,2,"['Win-back Strategies', 'Special Discounts']"
EN-13780,288,4,2199.366,1,1,3,5,Need Attention,1,"['Reactivation Campaigns', 'Feedback Collection']"
EP-13915,13,17,5478.0608,5,5,5,15,Best Customers,0,"['Increase Loyalty Programs', 'Upselling Opportunities']"
ER-13855,423,3,1245.7880000000002,1,1,2,4,At Risk,3,"['Win-back Strategies', 'Special Discounts']"
ES-14020,41,5,3510.458,4,2,4,10,Loyal Customers,1,"['Maintain Engagement', 'Cross-selling Products']"
ES-14080,29,9,4657.924,4,5,5,14,Best Customers,0,"['Increase Loyalty Programs', 'Upselling Opportunities']"
FA-14230,98,7,2984.054,3,3,4,10,Loyal Customers,0,"['Maintain Engagement', 'Cross-selling Products']"
FC-14245,71,7,3418.742,3,3,4,10,Loyal Customers,0,"['Maintain Engagement', 'Cross-selling Products']"
FC-14335,185,7,3889.366,2,3,4,9,Potential Loyalists,0,"['Encourage More Frequent Purchases', 'Targeted Promotions']"
FG-14260,35,7,1383.144,4,3,2,9,Potential Loyalists,1,"['Encourage More Frequent Purchases', 'Targeted Promotions']"
FH-14275,38,10,4256.272,4,5,4,13,Best Customers,0,"['Increase Loyalty Programs', 'Upselling Opportunities']"
FH-14350,213,4,2271.284,2,1,3,6,Need Attention,1,"['Reactivation Campaigns', 'Feedback Collection']"
FH-14365,6,8,6987.196000000001,5,4,5,14,Best Customers,0,"['Increase Loyalty Programs', 'Upselling Opportunities']"
FM-14215,8,10,2456.638,5,5,3,13,Best Customers,0,"['Increase Loyalty Programs', 'Upselling Opportunities']"
FM-14290,37,9,3736.1979999999994,4,5,4,13,Best Customers,0,"['Increase Loyalty Programs', 'Upselling Opportunities']"
FM-14380,146,9,2523.266,2,5,3,10,Loyal Customers,0,"['Maintain Engagement', 'Cross-selling Products']"
FO-14305,39,10,2678.438,4,5,3,12,Loyal Customers,0,"['Maintain Engagement', 'Cross-selling Products']"
FP-14320,24,8,4046.746,5,4,4,13,Best Customers,0,"['Increase Loyalty Programs', 'Upselling Opportunities']"
FW-14395,364,3,79.75,1,1,1,3,At Risk,2,"['Win-back Strategies', 'Special Discounts']"
GA-14515,150,8,3919.7760000000003,2,4,4,10,Loyal Customers,0,"['Maintain Engagement', 'Cross-selling Products']"
GA-14725,6,11,1398.382,5,5,2,12,Loyal Customers,0,"['Maintain Engagement', 'Cross-selling Products']"
GB-14530,63,11,1568.44,3,5,2,10,Loyal Customers,0,"['Maintain Engagement', 'Cross-selling Products']"
GB-14575,14,5,4716.288,5,2,5,12,Loyal Customers,1,"['Maintain Engagement', 'Cross-selling Products']"
GD-14590,6,4,1888.07,5,1,3,9,Potential Loyalists,1,"['Encourage More Frequent Purchases', 'Targeted Promotions']"
GG-14650,44,9,2224.0,4,5,3,12,Loyal Customers,0,"['Maintain Engagement', 'Cross-selling Products']"
GH-14410,76,9,2819.467,3,5,4,12,Loyal Customers,0,"['Maintain Engagement', 'Cross-selling Products']"
GH-14425,51,4,4172.8460000000005,4,1,4,9,Potential Loyalists,1,"['Encourage More Frequent Purchases', 'Targeted Promotions']"
GH-14485,389,2,1361.2440000000004,1,1,2,4,At Risk,3,"['Win-back Strategies', 'Special Discounts']"
GH-14665,3,2,146.9408,5,1,1,7,Potential Loyalists,2,"['Encourage More Frequent Purchases', 'Targeted Promotions']"
GK-14620,113,9,6497.27,2,5,5,12,Loyal Customers,0,"['Maintain Engagement', 'Cross-selling Products']"
GM-14440,84,7,3582.8199999999997,3,3,4,10,Loyal Customers,0,"['Maintain Engagement', 'Cross-selling Products']"
GM-14455,17,6,3078.6240000000003,5,3,4,12,Loyal Customers,1,"['Maintain Engagement', 'Cross-selling Products']"
GM-14500,107,10,1255.682,2,5,2,9,Potential Loyalists,0,"['Encourage More Frequent Purchases', 'Targeted Promotions']"
GM-14680,153,6,3163.628,2,3,4,9,Potential Loyalists,1,"['Encourage More Frequent Purchases', 'Targeted Promotions']"
GM-14695,118,3,6049.965999999999,2,1,5,8,Potential Loyalists,1,"['Encourage More Frequent Purchases', 'Targeted Promotions']"
GP-14740,766,2,236.53000000000003,1,1,1,3,At Risk,3,"['Win-back Strategies', 'Special Discounts']"
GR-14560,1136,2,1284.3799999999999,1,1,2,4,At Risk,3,"['Win-back Strategies', 'Special Discounts']"
GT-14635,57,3,9351.212,3,1,5,9,Potential Loyalists,1,"['Encourage More Frequent Purchases', 'Targeted Promotions']"
GT-14710,37,11,11820.12,4,5,5,14,Best Customers,0,"['Increase Loyalty Programs', 'Upselling Opportunities']"
GT-14755,35,4,226.436,4,1,1,6,Need Attention,2,"['Reactivation Campaigns', 'Feedback Collection']"
GW-14605,29,7,2189.019,4,3,3,10,Loyal Customers,0,"['Maintain Engagement', 'Cross-selling Products']"
GZ-14470,8,9,4355.15,5,5,5,15,Best Customers,0,"['Increase Loyalty Programs', 'Upselling Opportunities']"
GZ-14545,158,4,2454.622,2,1,3,6,Need Attention,1,"['Reactivation Campaigns', 'Feedback Collection']"
HA-14905,70,7,2163.3,3,3,3,9,Potential Loyalists,1,"['Encourage More Frequent Purchases', 'Targeted Promotions']"
HA-14920,21,8,2584.158,5,4,3,12,Loyal Customers,0,"['Maintain Engagement', 'Cross-selling Products']"
HD-14785,770,3,251.35999999999999,1,1,1,3,At Risk,3,"['Win-back Strategies', 'Special Discounts']"
HE-14800,13,4,883.5319999999999,5,1,1,7,Potential Loyalists,1,"['Encourage More Frequent Purchases', 'Targeted Promotions']"
HF-14995,22,7,2533.164,5,4,3,12,Loyal Customers,0,"['Maintain Engagement', 'Cross-selling Products']"
HG-14845,55,5,785.628,3,2,1,6,Need Attention,1,"['Reactivation Campaigns', 'Feedback Collection']"
HG-14965,24,12,3247.642,5,5,4,14,Best Customers,0,"['Increase Loyalty Programs', 'Upselling Opportunities']"
HG-15025,7,7,3690.284,5,4,4,13,Best Customers,0,"['Increase Loyalty Programs', 'Upselling Opportunities']"
HH-15010,73,2,218.668,3,1,1,5,Need Attention,2,"['Reactivation Campaigns', 'Feedback Collection']"
HJ-14875,127,5,358.1,2,2,1,5,Need Attention,2,"['Reactivation Campaigns', 'Feedback Collection']"
HK-14890,152,8,4877.784,2,4,5,11,Loyal Customers,0,"['Maintain Engagement', 'Cross-selling Products']"
HL-15040,44,6,12873.297999999999,4,3,5,12,Loyal Customers,0,"['Maintain Engagement', 'Cross-selling Products']"
HM-14860,3,10,8236.7648,5,5,5,15,Best Customers,0,"['Increase Loyalty Programs', 'Upselling Opportunities']"
HM-14980,248,4,736.2760000000001,1,1,1,3,At Risk,1,"['Win-back Strategies', 'Special Discounts']"
HP-14815,31,7,1990.3139999999999,4,4,3,11,Loyal Customers,1,"['Maintain Engagement', 'Cross-selling Products']"
HR-14770,14,5,1299.288,5,2,2,9,Potential Loyalists,1,"['Encourage More Frequent Purchases', 'Targeted Promotions']"
HR-14830,160,7,5248.787,2,4,5,11,Loyal Customers,0,"['Maintain Engagement', 'Cross-selling Products']"
HW-14935,118,8,9300.254,2,4,5,11,Loyal Customers,0,"['Maintain Engagement', 'Cross-selling Products']"
HZ-14950,36,5,886.52,4,2,1,7,Potential Loyalists,1,"['Encourage More Frequent Purchases', 'Targeted Promotions']"
IG-15085,72,4,744.5740000000001,3,1,1,5,Need Attention,1,"['Reactivation Campaigns', 'Feedback Collection']"
IL-15100,143,7,5040.736000000001,2,4,5,11,Loyal Customers,0,"['Maintain Engagement', 'Cross-selling Products']"
IM-15055,411,3,2872.6300000000006,1,1,4,6,Need Attention,3,"['Reactivation Campaigns', 'Feedback Collection']"
IM-15070,392,7,4930.474,1,4,5,10,Loyal Customers,0,"['Maintain Engagement', 'Cross-selling Products']"
JA-15970,93,8,6491.026000000001,3,4,5,12,Loyal Customers,0,"['Maintain Engagement', 'Cross-selling Products']"
JB-15400,8,10,1791.605,5,5,3,13,Best Customers,0,"['Increase Loyalty Programs', 'Upselling Opportunities']"
JB-15925,738,3,900.5520000000001,1,1,1,3,At Risk,3,"['Win-back Strategies', 'Special Discounts']"
JB-16000,44,7,644.1188,4,4,1,9,Potential Loyalists,1,"['Encourage More Frequent Purchases', 'Targeted Promotions']"
JB-16045,8,5,2518.115,5,2,3,10,Loyal Customers,1,"['Maintain Engagement', 'Cross-selling Products']"
JC-15340,115,4,71.263,2,1,1,4,At Risk,2,"['Win-back Strategies', 'Special Discounts']"
JC-15385,176,1,1058.1080000000002,2,1,2,5,Need Attention,1,"['Reactivation Campaigns', 'Feedback Collection']"
JC-15775,159,9,2772.0550000000003,2,5,4,11,Loyal Customers,0,"['Maintain Engagement', 'Cross-selling Products']"
JC-16105,58,5,858.576,3,2,1,6,Need Attention,1,"['Reactivation Campaigns', 'Feedback Collection']"
JD-15790,118,5,2152.352,2,2,3,7,Potential Loyalists,1,"['Encourage More Frequent Purchases', 'Targeted Promotions']"
JD-15895,396,11,7610.864,1,5,5,11,Loyal Customers,0,"['Maintain Engagement', 'Cross-selling Products']"
JD-16015,113,6,385.43000000000006,2,3,1,6,Need Attention,1,"['Reactivation Campaigns', 'Feedback Collection']"
JD-16060,301,3,695.442,1,1,1,3,At Risk,1,"['Win-back Strategies', 'Special Discounts']"
JD-16150,42,8,8828.030499999999,4,4,5,13,Best Customers,0,"['Increase Loyalty Programs', 'Upselling Opportunities']"
JE-15475,194,6,1388.682,2,3,2,7,Potential Loyalists,1,"['Encourage More Frequent Purchases', 'Targeted Promotions']"
JE-15610,49,7,7754.976,4,4,5,13,Best Customers,0,"['Increase Loyalty Programs', 'Upselling Opportunities']"
JE-15715,47,10,8697.843,4,5,5,14,Best Customers,0,"['Increase Loyalty Programs', 'Upselling Opportunities']"
JE-15745,52,13,6760.8150000000005,4,5,5,14,Best Customers,0,"['Increase Loyalty Programs', 'Upselling Opportunities']"
JE-16165,21,3,2697.248,5,1,3,9,Potential Loyalists,1,"['Encourage More Frequent Purchases', 'Targeted Promotions']"
JF-15190,66,7,2279.5860000000002,3,4,3,10,Loyal Customers,0,"['Maintain Engagement', 'Cross-selling Products']"
JF-15295,226,5,955.124,1,2,1,4,At Risk,1,"['Win-back Strategies', 'Special Discounts']"
JF-15355,106,6,1911.844,2,3,3,8,Potential Loyalists,1,"['Encourage More Frequent Purchases', 'Targeted Promotions']"
JF-15415,3,6,2371.448,5,3,3,11,Loyal Customers,1,"['Maintain Engagement', 'Cross-selling Products']"
JF-15490,122,11,1082.9180000000001,2,5,2,9,Potential Loyalists,0,"['Encourage More Frequent Purchases', 'Targeted Promotions']"
JF-15565,55,8,4198.332,3,4,4,11,Loyal Customers,0,"['Maintain Engagement', 'Cross-selling Products']"
JG-15115,759,3,2358.676,1,1,3,5,Need Attention,3,"['Reactivation Campaigns', 'Feedback Collection']"
JG-15160,2,11,6366.392,5,5,5,15,Best Customers,0,"['Increase Loyalty Programs', 'Upselling Opportunities']"
JG-15310,3,6,2240.58,5,3,3,11,Loyal Customers,1,"['Maintain Engagement', 'Cross-selling Products']"
JG-15805,224,6,1507.018,2,3,2,7,Potential Loyalists,1,"['Encourage More Frequent Purchases', 'Targeted Promotions']"
JH-15430,6,4,309.281,5,1,1,7,Potential Loyalists,2,"['Encourage More Frequent Purchases', 'Targeted Promotions']"
JH-15820,175,6,528.91,2,3,1,6,Need Attention,1,"['Reactivation Campaigns', 'Feedback Collection']"
JH-15910,42,7,959.477,4,4,1,9,Potential Loyalists,1,"['Encourage More Frequent Purchases', 'Targeted Promotions']"
JH-15985,30,6,7954.9980000000005,4,3,5,12,Loyal Customers,0,"['Maintain Engagement', 'Cross-selling Products']"
JH-16180,406,4,2256.3940000000002,1,1,3,5,Need Attention,3,"['Reactivation Campaigns', 'Feedback Collection']"
JJ-15445,485,5,709.178,1,2,1,4,At Risk,3,"['Win-back Strategies', 'Special Discounts']"
JJ-15760,754,2,195.0,1,1,1,3,At Risk,3,"['Win-back Strategies', 'Special Discounts']"
JK-15205,62,5,4427.142,3,2,5,10,Loyal Customers,1,"['Maintain Engagement', 'Cross-selling Products']"
JK-15325,288,3,383.812,1,1,1,3,At Risk,2,"['Win-back Strategies', 'Special Discounts']"
JK-15370,45,8,2709.632,4,4,3,11,Loyal Customers,0,"['Maintain Engagement', 'Cross-selling Products']"
JK-15625,62,7,3760.028,3,4,4,11,Loyal Customers,0,"['Maintain Engagement', 'Cross-selling Products']"
JK-15640,181,9,4760.434,2,5,5,12,Loyal Customers,0,"['Maintain Engagement', 'Cross-selling Products']"
JK-15730,85,10,4867.2,3,5,5,13,Best Customers,0,"['Increase Loyalty Programs', 'Upselling Opportunities']"
JK-16090,29,3,3747.668,4,1,4,9,Potential Loyalists,1,"['Encourage More Frequent Purchases', 'Targeted Promotions']"
JK-16120,118,10,2932.484,2,5,4,11,Loyal Customers,0,"['Maintain Engagement', 'Cross-selling Products']"
JL-15130,9,6,1214.956,5,3,2,10,Loyal Customers,1,"['Maintain Engagement', 'Cross-selling Products']"
JL-15175,7,5,1571.5230000000001,5,2,2,9,Potential Loyalists,1,"['Encourage More Frequent Purchases', 'Targeted Promotions']"
JL-15235,120,5,2203.7000000000003,2,2,3,7,Potential Loyalists,1,"['Encourage More Frequent Purchases', 'Targeted Promotions']"
JL-15505,50,6,3173.874,4,3,4,11,Loyal Customers,1,"['Maintain Engagement', 'Cross-selling Products']"
JL-15835,22,11,9799.923,5,5,5,15,Best Customers,0,"['Increase Loyalty Programs', 'Upselling Opportunities']"
JL-15850,616,6,2725.256,1,3,3,7,Potential Loyalists,3,"['Encourage More Frequent Purchases', 'Targeted Promotions']"
JM-15250,38,6,3159.122,4,3,4,11,Loyal Customers,1,"['Maintain Engagement', 'Cross-selling Products']"
JM-15265,38,5,1804.146,4,2,3,9,Potential Loyalists,1,"['Encourage More Frequent Purchases', 'Targeted Promotions']"
JM-15535,103,7,1733.4430000000002,3,4,2,9,Potential Loyalists,1,"['Encourage More Frequent Purchases', 'Targeted Promotions']"
JM-15580,1,5,303.948,5,2,1,8,Potential Loyalists,2,"['Encourage More Frequent Purchases', 'Targeted Promotions']"
JM-15655,9,5,864.947,5,2,1,8,Potential Loyalists,1,"['Encourage More Frequent Purchases', 'Targeted Promotions']"
JM-15865,110,7,7625.076000000001,2,4,5,11,Loyal Customers,0,"['Maintain Engagement', 'Cross-selling Products']"
JM-16195,58,10,2833.926,3,5,4,12,Loyal Customers,0,"['Maintain Engagement', 'Cross-selling Products']"
JO-15145,58,9,3254.949,3,5,4,12,Loyal Customers,0,"['Maintain Engagement', 'Cross-selling Products']"
JO-15280,93,6,1934.272,3,3,3,9,Potential Loyalists,1,"['Encourage More Frequent Purchases', 'Targeted Promotions']"
JO-15550,216,5,1090.8380000000002,2,2,2,6,Need Attention,1,"['Reactivation Campaigns', 'Feedback Collection']"
JP-15460,38,7,1669.135,4,4,2,10,Loyal Customers,1,"['Maintain Engagement', 'Cross-selling Products']"
JP-15520,9,7,3635.594,5,4,4,13,Best Customers,0,"['Increase Loyalty Programs', 'Upselling Opportunities']"
JP-16135,103,9,1707.71,3,5,2,10,Loyal Customers,0,"['Maintain Engagement', 'Cross-selling Products']"
JR-15670,595,2,1156.6580000000001,1,1,2,4,At Risk,3,"['Win-back Strategies', 'Special Discounts']"
JR-15700,69,1,863.8799999999999,3,1,1,5,Need Attention,1,"['Reactivation Campaigns', 'Feedback Collection']"
JR-16210,34,5,2201.686,4,2,3,9,Potential Loyalists,1,"['Encourage More Frequent Purchases', 'Targeted Promotions']"
JS-15595,120,4,1417.654,2,1,2,5,Need Attention,1,"['Reactivation Campaigns', 'Feedback Collection']"
JS-15685,43,4,1131.064,4,1,2,7,Potential Loyalists,1,"['Encourage More Frequent Purchases', 'Targeted Promotions']"
JS-15880,536,5,3868.02,1,2,4,7,Potential Loyalists,3,"['Encourage More Frequent Purchases', 'Targeted Promotions']"
JS-15940,465,5,469.16900000000004,1,2,1,4,At Risk,3,"['Win-back Strategies', 'Special Discounts']"
JS-16030,29,6,2516.494,4,3,3,10,Loyal Customers,1,"['Maintain Engagement', 'Cross-selling Products']"
JW-15220,43,6,7721.714,4,3,5,12,Loyal Customers,0,"['Maintain Engagement', 'Cross-selling Products']"
JW-15955,6,7,1244.086,5,4,2,11,Loyal Customers,1,"['Maintain Engagement', 'Cross-selling Products']"
JW-16075,463,4,1428.731,1,1,2,4,At Risk,3,"['Win-back Strategies', 'Special Discounts']"
KA-16525,37,7,1519.506,4,4,2,10,Loyal Customers,1,"['Maintain Engagement', 'Cross-selling Products']"
KB-16240,5,7,3152.6150000000002,5,4,4,13,Best Customers,0,"['Increase Loyalty Programs', 'Upselling Opportunities']"
KB-16315,297,9,1569.4640000000002,1,5,2,8,Potential Loyalists,0,"['Encourage More Frequent Purchases', 'Targeted Promotions']"
KB-16405,118,3,908.821,2,1,1,4,At Risk,1,"['Win-back Strategies', 'Special Discounts']"
KB-16585,231,12,2744.742,1,5,3,9,Potential Loyalists,0,"['Encourage More Frequent Purchases', 'Targeted Promotions']"
KB-16600,2,7,983.9219999999999,5,4,2,11,Loyal Customers,1,"['Maintain Engagement', 'Cross-selling Products']"
KC-16255,409,6,2120.954,1,3,3,7,Potential Loyalists,3,"['Encourage More Frequent Purchases', 'Targeted Promotions']"
KC-16540,98,4,3908.262,3,1,4,8,Potential Loyalists,1,"['Encourage More Frequent Purchases', 'Targeted Promotions']"
KC-16675,58,4,1146.05,3,1,2,6,Need Attention,1,"['Reactivation Campaigns', 'Feedback Collection']"
KD-16270,486,5,8282.358,1,2,5,8,Potential Loyalists,3,"['Encourage More Frequent Purchases', 'Targeted Promotions']"
KD-16345,42,6,1888.964,4,3,3,10,Loyal Customers,1,"['Maintain Engagement', 'Cross-selling Products']"
KD-16495,113,12,8181.256,2,5,5,12,Loyal Customers,0,"['Maintain Engagement', 'Cross-selling Products']"
KD-16615,290,5,2243.51,1,2,3,6,Need Attention,1,"['Reactivation Campaigns', 'Feedback Collection']"
KE-16420,27,8,1686.7312,5,4,2,11,Loyal Customers,0,"['Maintain Engagement', 'Cross-selling Products']"
KF-16285,98,7,10604.266000000001,3,4,5,12,Loyal Customers,0,"['Maintain Engagement', 'Cross-selling Products']"
KH-16330,41,8,3312.864,4,4,4,12,Loyal Customers,0,"['Maintain Engagement', 'Cross-selling Products']"
KH-16360,2,6,3100.612,5,3,4,12,Loyal Customers,1,"['Maintain Engagement', 'Cross-selling Products']"
KH-16510,23,7,5952.859,5,4,5,14,Best Customers,0,"['Increase Loyalty Programs', 'Upselling Opportunities']"
KH-16630,59,9,3918.9660000000003,3,5,4,12,Loyal Customers,0,"['Maintain Engagement', 'Cross-selling Products']"
KH-16690,3,7,5990.799000000001,5,4,5,14,Best Customers,0,"['Increase Loyalty Programs', 'Upselling Opportunities']"
KL-16555,17,8,5016.488,5,4,5,14,Best Customers,0,"['Increase Loyalty Programs', 'Upselling Opportunities']"
KL-16645,48,12,14175.229000000001,4,5,5,14,Best Customers,0,"['Increase Loyalty Programs', 'Upselling Opportunities']"
KM-16225,15,6,2260.958,5,3,3,11,Loyal Customers,1,"['Maintain Engagement', 'Cross-selling Products']"
KM-16375,57,8,5620.186,3,4,5,12,Loyal Customers,0,"['Maintain Engagement', 'Cross-selling Products']"
KM-16660,16,5,453.538,5,2,1,8,Potential Loyalists,1,"['Encourage More Frequent Purchases', 'Targeted Promotions']"
KM-16720,29,8,4909.472,4,4,5,13,Best Customers,0,"['Increase Loyalty Programs', 'Upselling Opportunities']"
KN-16390,20,9,2617.272,5,5,3,13,Best Customers,0,"['Increase Loyalty Programs', 'Upselling Opportunities']"
KN-16450,53,5,2171.962,4,2,3,9,Potential Loyalists,1,"['Encourage More Frequent Purchases', 'Targeted Promotions']"
KN-16705,99,8,2280.58,3,4,3,10,Loyal Customers,0,"['Maintain Engagement', 'Cross-selling Products']"
KS-16300,296,3,88.47200000000001,1,1,1,3,At Risk,2,"['Win-back Strategies', 'Special Discounts']"
KT-16465,393,7,3057.1,1,4,4,9,Potential Loyalists,3,"['Encourage More Frequent Purchases', 'Targeted Promotions']"
KT-16480,101,10,4642.0884,3,5,5,13,Best Customers,0,"['Increase Loyalty Programs', 'Upselling Opportunities']"
KW-16435,97,5,4416.5199999999995,3,2,5,10,Loyal Customers,1,"['Maintain Engagement', 'Cross-selling Products']"
KW-16570,772,4,449.096,1,1,1,3,At Risk,3,"['Win-back Strategies', 'Special Discounts']"
LA-16780,155,11,8673.222,2,5,5,12,Loyal Customers,0,"['Maintain Engagement', 'Cross-selling Products']"
LB-16735,49,3,50.188,4,1,1,6,Need Attention,2,"['Reactivation Campaigns', 'Feedback Collection']"
LB-16795,153,8,4704.304,2,4,5,11,Loyal Customers,0,"['Maintain Engagement', 'Cross-selling Products']"
LC-16870,28,8,2580.704,4,4,3,11,Loyal Customers,0,"['Maintain Engagement', 'Cross-selling Products']"
LC-16885,17,12,7663.126,5,5,5,15,Best Customers,0,"['Increase Loyalty Programs', 'Upselling Opportunities']"
LC-16930,42,8,4492.946,4,4,5,13,Best Customers,0,"['Increase Loyalty Programs', 'Upselling Opportunities']"
LC-16960,438,4,3246.626,1,1,4,6,Need Attention,3,"['Reactivation Campaigns', 'Feedback Collection']"
LC-17050,55,5,2095.064,3,2,3,8,Potential Loyalists,1,"['Encourage More Frequent Purchases', 'Targeted Promotions']"
LC-17140,14,9,2633.582,5,5,3,13,Best Customers,0,"['Increase Loyalty Programs', 'Upselling Opportunities']"
LD-16855,554,1,5.304,1,1,1,3,At Risk,2,"['Win-back Strategies', 'Special Discounts']"
LD-17005,416,4,1961.934,1,1,3,5,Need Attention,3,"['Reactivation Campaigns', 'Feedback Collection']"
LE-16810,22,6,1469.45,5,3,2,10,Loyal Customers,1,"['Maintain Engagement', 'Cross-selling Products']"
LF-17185,23,7,3930.508999999999,5,4,4,13,Best Customers,0,"['Increase Loyalty Programs', 'Upselling Opportunities']"
LH-16750,152,3,287.426,2,1,1,4,At Risk,2,"['Win-back Strategies', 'Special Discounts']"
LH-16900,22,9,2295.332,5,5,3,13,Best Customers,0,"['Increase Loyalty Programs', 'Upselling Opportunities']"
LH-17020,240,4,318.23900000000003,1,1,1,3,At Risk,2,"['Win-back Strategies', 'Special Discounts']"
LH-17155,387,9,1739.689,1,5,3,9,Potential Loyalists,0,"['Encourage More Frequent Purchases', 'Targeted Promotions']"
LL-16840,250,6,2741.2039999999997,1,3,3,7,Potential Loyalists,1,"['Encourage More Frequent Purchases', 'Targeted Promotions']"
LM-17065,393,5,1346.7740000000001,1,2,2,5,Need Attention,3,"['Reactivation Campaigns', 'Feedback Collection']"
LO-17170,3,5,644.35,5,2,1,8,Potential Loyalists,1,"['Encourage More Frequent Purchases', 'Targeted Promotions']"
LP-17080,41,4,756.6059999999999,4,1,1,6,Need Attention,1,"['Reactivation Campaigns', 'Feedback Collection']"
LP-17095,10,7,3653.399,5,4,4,13,Best Customers,0,"['Increase Loyalty Programs', 'Upselling Opportunities']"
LR-16915,27,6,5142.892,5,3,5,13,Best Customers,0,"['Increase Loyalty Programs', 'Upselling Opportunities']"
LR-17035,133,5,1879.306,2,2,3,7,Potential Loyalists,1,"['Encourage More Frequent Purchases', 'Targeted Promotions']"
LS-16945,179,6,2845.2700000000004,2,3,4,9,Potential Loyalists,1,"['Encourage More Frequent Purchases', 'Targeted Promotions']"
LS-16975,21,9,2988.674,5,5,4,14,Best Customers,0,"['Increase Loyalty Programs', 'Upselling Opportunities']"
LS-17200,97,6,1010.2560000000001,3,3,2,8,Potential Loyalists,1,"['Encourage More Frequent Purchases', 'Targeted Promotions']"
LS-17230,778,3,368.88,1,1,1,3,At Risk,3,"['Win-back Strategies', 'Special Discounts']"
LS-17245,35,6,1008.1360000000001,4,3,2,9,Potential Loyalists,1,"['Encourage More Frequent Purchases', 'Targeted Promotions']"
LT-16765,27,3,329.876,5,1,1,7,Potential Loyalists,2,"['Encourage More Frequent Purchases', 'Targeted Promotions']"
LT-17110,35,8,2936.252,4,4,4,12,Loyal Customers,0,"['Maintain Engagement', 'Cross-selling Products']"
LW-16825,89,5,2238.061,3,2,3,8,Potential Loyalists,1,"['Encourage More Frequent Purchases', 'Targeted Promotions']"
LW-16990,34,6,3230.308,4,3,4,11,Loyal Customers,1,"['Maintain Engagement', 'Cross-selling Products']"
LW-17125,206,3,1259.04,2,1,2,5,Need Attention,1,"['Reactivation Campaigns', 'Feedback Collection']"
LW-17215,22,7,5420.514,5,4,5,14,Best Customers,0,"['Increase Loyalty Programs', 'Upselling Opportunities']"
MA-17560,65,11,4299.161,3,5,5,13,Best Customers,0,"['Increase Loyalty Programs', 'Upselling Opportunities']"
MA-17995,187,6,2453.2840000000006,2,3,3,8,Potential Loyalists,1,"['Encourage More Frequent Purchases', 'Targeted Promotions']"
MB-17305,49,10,1548.702,4,5,2,11,Loyal Customers,0,"['Maintain Engagement', 'Cross-selling Products']"
MB-18085,45,7,1428.2310000000002,4,4,2,10,Loyal Customers,1,"['Maintain Engagement', 'Cross-selling Products']"
MC-17275,77,8,2725.982,3,4,3,10,Loyal Customers,0,"['Maintain Engagement', 'Cross-selling Products']"
MC-17425,401,5,4432.138,1,2,5,8,Potential Loyalists,3,"['Encourage More Frequent Purchases', 'Targeted Promotions']"
MC-17575,28,8,1303.893,4,4,2,10,Loyal Customers,0,"['Maintain Engagement', 'Cross-selling Products']"
MC-17590,52,6,2426.0669999999996,4,3,3,10,Loyal Customers,1,"['Maintain Engagement', 'Cross-selling Products']"
MC-17605,113,8,2258.192,2,4,3,9,Potential Loyalists,0,"['Encourage More Frequent Purchases', 'Targeted Promotions']"
MC-17635,190,4,795.154,2,1,1,4,At Risk,1,"['Win-back Strategies', 'Special Discounts']"
MC-17845,2,7,3805.714,5,4,4,13,Best Customers,0,"['Increase Loyalty Programs', 'Upselling Opportunities']"
MC-18100,42,10,2218.98,4,5,3,12,Loyal Customers,0,"['Maintain Engagement', 'Cross-selling Products']"
MC-18130,371,5,1581.9979999999998,1,2,2,5,Need Attention,3,"['Reactivation Campaigns', 'Feedback Collection']"
MD-17350,118,7,3766.382,2,4,4,10,Loyal Customers,0,"['Maintain Engagement', 'Cross-selling Products']"
MD-17860,37,5,1204.91,4,2,2,8,Potential Loyalists,1,"['Encourage More Frequent Purchases', 'Targeted Promotions']"
ME-17320,43,10,10663.728000000001,4,5,5,14,Best Customers,0,"['Increase Loyalty Programs', 'Upselling Opportunities']"
ME-17725,29,8,1908.4532,4,4,3,11,Loyal Customers,0,"['Maintain Engagement', 'Cross-selling Products']"
ME-18010,93,4,1256.9440000000002,3,2,2,7,Potential Loyalists,1,"['Encourage More Frequent Purchases', 'Targeted Promotions']"
MF-17665,423,5,937.0390000000001,1,2,1,4,At Risk,3,"['Win-back Strategies', 'Special Discounts']"
MF-18250,8,5,1758.3,5,2,3,10,Loyal Customers,1,"['Maintain Engagement', 'Cross-selling Products']"
MG-17650,30,7,3785.276,4,4,4,12,Loyal Customers,0,"['Maintain Engagement', 'Cross-selling Products']"
MG-17680,93,4,2350.188,3,2,3,8,Potential Loyalists,1,"['Encourage More Frequent Purchases', 'Targeted Promotions']"
MG-17695,557,3,1342.2820000000002,1,1,2,4,At Risk,3,"['Win-back Strategies', 'Special Discounts']"
MG-17875,117,5,1242.833,2,2,2,6,Need Attention,1,"['Reactivation Campaigns', 'Feedback Collection']"
MG-17890,100,9,776.384,3,5,1,9,Potential Loyalists,0,"['Encourage More Frequent Purchases', 'Targeted Promotions']"
MG-18145,85,4,3061.5429999999997,3,2,4,9,Potential Loyalists,1,"['Encourage More Frequent Purchases', 'Targeted Promotions']"
MG-18205,265,1,16.739000000000004,1,1,1,3,At Risk,2,"['Win-back Strategies', 'Special Discounts']"
MH-17290,120,6,2394.025,2,3,3,8,Potential Loyalists,1,"['Encourage More Frequent Purchases', 'Targeted Promotions']"
MH-17440,378,4,400.01599999999996,1,2,1,4,At Risk,2,"['Win-back Strategies', 'Special Discounts']"
MH-17455,86,8,2456.1820000000002,3,4,3,10,Loyal Customers,0,"['Maintain Engagement', 'Cross-selling Products']"
MH-17620,156,4,1252.8000000000002,2,2,2,6,Need Attention,1,"['Reactivation Campaigns', 'Feedback Collection']"
MH-17785,99,7,2203.7780000000002,3,4,3,10,Loyal Customers,1,"['Maintain Engagement', 'Cross-selling Products']"
MH-18025,50,5,2984.948,4,2,4,10,Loyal Customers,1,"['Maintain Engagement', 'Cross-selling Products']"
MH-18115,6,9,5503.093,5,5,5,15,Best Customers,0,"['Increase Loyalty Programs', 'Upselling Opportunities']"
MJ-17740,23,7,6320.746,5,4,5,14,Best Customers,0,"['Increase Loyalty Programs', 'Upselling Opportunities']"
MK-17905,29,8,2302.368,4,4,3,11,Loyal Customers,0,"['Maintain Engagement', 'Cross-selling Products']"
MK-18160,241,4,1031.602,1,2,2,5,Need Attention,1,"['Reactivation Campaigns', 'Feedback Collection']"
ML-17395,70,9,2722.843,3,5,3,11,Loyal Customers,0,"['Maintain Engagement', 'Cross-selling Products']"
ML-17410,55,6,2921.5,3,3,4,10,Loyal Customers,1,"['Maintain Engagement', 'Cross-selling Products']"
ML-17755,30,7,2071.9139999999998,4,4,3,11,Loyal Customers,1,"['Maintain Engagement', 'Cross-selling Products']"
ML-18040,80,3,742.082,3,1,1,5,Need Attention,1,"['Reactivation Campaigns', 'Feedback Collection']"
ML-18265,101,2,162.232,3,1,1,5,Need Attention,2,"['Reactivation Campaigns', 'Feedback Collection']"
MM-17260,169,4,1314.0230000000001,2,2,2,6,Need Attention,1,"['Reactivation Campaigns', 'Feedback Collection']"
MM-17920,8,11,3794.08,5,5,4,14,Best Customers,0,"['Increase Loyalty Programs', 'Upselling Opportunities']"
MM-18055,62,8,2749.881,3,4,3,10,Loyal Customers,0,"['Maintain Engagement', 'Cross-selling Products']"
MM-18280,86,9,775.414,3,5,1,9,Potential Loyalists,0,"['Encourage More Frequent Purchases', 'Targeted Promotions']"
MN-17935,35,6,2477.9460000000004,4,3,3,10,Loyal Customers,1,"['Maintain Engagement', 'Cross-selling Products']"
MO-17500,73,4,922.4870000000001,3,2,1,6,Need Attention,1,"['Reactivation Campaigns', 'Feedback Collection']"
MO-17800,105,8,1687.027,2,4,2,8,Potential Loyalists,0,"['Encourage More Frequent Purchases', 'Targeted Promotions']"
MO-17950,181,2,154.288,2,1,1,4,At Risk,2,"['Win-back Strategies', 'Special Discounts']"
MP-17470,720,7,3206.132,1,4,4,9,Potential Loyalists,3,"['Encourage More Frequent Purchases', 'Targeted Promotions']"
MP-17965,73,9,3983.6420000000003,3,5,4,12,Loyal Customers,0,"['Maintain Engagement', 'Cross-selling Products']"
MP-18175,17,9,5087.92,5,5,5,15,Best Customers,0,"['Increase Loyalty Programs', 'Upselling Opportunities']"
MR-17545,126,4,639.178,2,2,1,5,Need Attention,1,"['Reactivation Campaigns', 'Feedback Collection']"
MS-17365,274,10,7443.6900000000005,1,5,5,11,Loyal Customers,0,"['Maintain Engagement', 'Cross-selling Products']"
MS-17530,436,4,475.65599999999995,1,2,1,4,At Risk,3,"['Win-back Strategies', 'Special Discounts']"
MS-17710,415,6,1613.402,1,3,2,6,Need Attention,3,"['Reactivation Campaigns', 'Feedback Collection']"
MS-17770,122,9,3144.678,2,5,4,11,Loyal Customers,0,"['Maintain Engagement', 'Cross-selling Products']"
MS-17830,454,4,370.34799999999996,1,2,1,4,At Risk,3,"['Win-back Strategies', 'Special Discounts']"
MS-17980,27,6,855.116,5,3,1,9,Potential Loyalists,1,"['Encourage More Frequent Purchases', 'Targeted Promotions']"
MT-17815,50,6,2890.139,4,3,4,11,Loyal Customers,1,"['Maintain Engagement', 'Cross-selling Products']"
MT-18070,204,4,1319.4497999999999,2,2,2,6,Need Attention,1,"['Reactivation Campaigns', 'Feedback Collection']"
MV-17485,28,9,1560.05,4,5,2,11,Loyal Customers,0,"['Maintain Engagement', 'Cross-selling Products']"
MV-18190,20,7,1734.574,5,4,2,11,Loyal Customers,1,"['Maintain Engagement', 'Cross-selling Products']"
MW-18220,18,7,5341.900000000001,5,4,5,14,Best Customers,0,"['Increase Loyalty Programs', 'Upselling Opportunities']"
MW-18235,45,2,5253.876,4,1,5,10,Loyal Customers,1,"['Maintain Engagement', 'Cross-selling Products']"
MY-17380,30,7,2254.2850000000003,4,4,3,11,Loyal Customers,0,"['Maintain Engagement', 'Cross-selling Products']"
MY-18295,72,11,4152.696,3,5,4,12,Loyal Customers,0,"['Maintain Engagement', 'Cross-selling Products']"
MZ-17335,31,4,593.606,4,2,1,7,Potential Loyalists,1,"['Encourage More Frequent Purchases', 'Targeted Promotions']"
MZ-17515,283,6,2564.906,1,3,3,7,Potential Loyalists,1,"['Encourage More Frequent Purchases', 'Targeted Promotions']"
NB-18580,1166,2,273.87199999999996,1,1,1,3,At Risk,3,"['Win-back Strategies', 'Special Discounts']"
NB-18655,20,9,1972.599,5,5,3,13,Best Customers,0,"['Increase Loyalty Programs', 'Upselling Opportunities']"
NC-18340,225,5,2461.404,2,2,3,7,Potential Loyalists,1,"['Encourage More Frequent Purchases', 'Targeted Promotions']"
NC-18415,42,6,2218.99,4,3,3,10,Loyal Customers,1,"['Maintain Engagement', 'Cross-selling Products']"
NC-18535,7,7,8241.739,5,4,5,14,Best Customers,0,"['Increase Loyalty Programs', 'Upselling Opportunities']"
NC-18625,205,5,1821.7420000000002,2,2,3,7,Potential Loyalists,1,"['Encourage More Frequent Purchases', 'Targeted Promotions']"
ND-18370,28,9,4326.139,4,5,5,14,Best Customers,0,"['Increase Loyalty Programs', 'Upselling Opportunities']"
ND-18460,184,6,2893.4550000000004,2,3,4,9,Potential Loyalists,1,"['Encourage More Frequent Purchases', 'Targeted Promotions']"
NF-18385,80,7,8322.826000000001,3,4,5,12,Loyal Customers,0,"['Maintain Engagement', 'Cross-selling Products']"
NF-18475,527,4,377.16200000000003,1,2,1,4,At Risk,3,"['Win-back Strategies', 'Special Discounts']"
NF-18595,115,7,2031.4720000000002,2,4,3,9,Potential Loyalists,1,"['Encourage More Frequent Purchases', 'Targeted Promotions']"
NG-18355,49,5,1869.58,4,2,3,9,Potential Loyalists,1,"['Encourage More Frequent Purchases', 'Targeted Promotions']"
NG-18430,49,5,1395.9379999999999,4,2,2,8,Potential Loyalists,1,"['Encourage More Frequent Purchases', 'Targeted Promotions']"
NH-18610,190,7,2673.29,2,4,3,9,Potential Loyalists,0,"['Encourage More Frequent Purchases', 'Targeted Promotions']"
NK-18490,71,7,572.048,3,4,1,8,Potential Loyalists,1,"['Encourage More Frequent Purchases', 'Targeted Promotions']"
NL-18310,59,4,1418.0900000000001,3,2,2,7,Potential Loyalists,1,"['Encourage More Frequent Purchases', 'Targeted Promotions']"
NM-18445,161,7,6459.344,2,4,5,11,Loyal Customers,0,"['Maintain Engagement', 'Cross-selling Products']"
NM-18520,245,10,2161.979,1,5,3,9,Potential Loyalists,0,"['Encourage More Frequent Purchases', 'Targeted Promotions']"
NP-18325,26,6,5529.62,5,3,5,13,Best Customers,0,"['Increase Loyalty Programs', 'Upselling Opportunities']"
NP-18670,59,5,3908.402,3,2,4,9,Potential Loyalists,1,"['Encourage More Frequent Purchases', 'Targeted Promotions']"
NP-18685,408,6,1228.698,1,3,2,6,Need Attention,3,"['Reactivation Campaigns', 'Feedback Collection']"
NP-18700,139,7,7903.1825,2,4,5,11,Loyal Customers,0,"['Maintain Engagement', 'Cross-selling Products']"
NR-18550,211,5,2367.277,2,2,3,7,Potential Loyalists,1,"['Encourage More Frequent Purchases', 'Targeted Promotions']"
NS-18505,7,4,2575.863,5,2,3,10,Loyal Customers,1,"['Maintain Engagement', 'Cross-selling Products']"
NS-18640,175,13,2964.823,2,5,4,11,Loyal Customers,0,"['Maintain Engagement', 'Cross-selling Products']"
NW-18400,173,7,7234.014,2,4,5,11,Loyal Customers,0,"['Maintain Engagement', 'Cross-selling Products']"
NZ-18565,86,9,2488.31,3,5,3,11,Loyal Customers,0,"['Maintain Engagement', 'Cross-selling Products']"
ON-18715,412,9,1567.52,1,5,2,8,Potential Loyalists,0,"['Encourage More Frequent Purchases', 'Targeted Promotions']"
OT-18730,66,5,3818.6240000000003,3,2,4,9,Potential Loyalists,1,"['Encourage More Frequent Purchases', 'Targeted Promotions']"
PA-19060,104,6,729.408,3,3,1,7,Potential Loyalists,1,"['Encourage More Frequent Purchases', 'Targeted Promotions']"
PB-18805,26,3,740.356,5,1,1,7,Potential Loyalists,1,"['Encourage More Frequent Purchases', 'Targeted Promotions']"
PB-19105,58,4,688.3240000000001,3,2,1,6,Need Attention,1,"['Reactivation Campaigns', 'Feedback Collection']"
PB-19150,98,8,1456.95,3,4,2,9,Potential Loyalists,0,"['Encourage More Frequent Purchases', 'Targeted Promotions']"
PB-19210,689,2,132.738,1,1,1,3,At Risk,3,"['Win-back Strategies', 'Special Discounts']"
PC-18745,3,4,1832.064,5,2,3,10,Loyal Customers,1,"['Maintain Engagement', 'Cross-selling Products']"
PC-19000,883,2,1061.488,1,1,2,4,At Risk,3,"['Win-back Strategies', 'Special Discounts']"
PF-19120,836,4,9062.864000000001,1,2,5,8,Potential Loyalists,3,"['Encourage More Frequent Purchases', 'Targeted Promotions']"
PF-19165,197,6,2770.0,2,3,4,9,Potential Loyalists,1,"['Encourage More Frequent Purchases', 'Targeted Promotions']"
PF-19225,115,5,2206.128,2,2,3,7,Potential Loyalists,1,"['Encourage More Frequent Purchases', 'Targeted Promotions']"
PG-18820,37,13,3086.907,4,5,4,13,Best Customers,0,"['Increase Loyalty Programs', 'Upselling Opportunities']"
PG-18895,58,9,1987.1640000000002,3,5,3,11,Loyal Customers,0,"['Maintain Engagement', 'Cross-selling Products']"
PH-18790,71,1,729.6480000000001,3,1,1,5,Need Attention,1,"['Reactivation Campaigns', 'Feedback Collection']"
PJ-18835,40,8,1220.0900000000001,4,4,2,10,Loyal Customers,0,"['Maintain Engagement', 'Cross-selling Products']"
PJ-19015,135,7,1824.2340000000002,2,4,3,9,Potential Loyalists,1,"['Encourage More Frequent Purchases', 'Targeted Promotions']"
PK-18910,485,2,1441.1520000000003,1,1,2,4,At Risk,3,"['Win-back Strategies', 'Special Discounts']"
PK-19075,10,12,8646.934000000001,5,5,5,15,Best Customers,0,"['Increase Loyalty Programs', 'Upselling Opportunities']"
PL-18925,16,5,239.48100000000005,5,2,1,8,Potential Loyalists,2,"['Encourage More Frequent Purchases', 'Targeted Promotions']"
PM-18940,388,3,1405.402,1,1,2,4,At Risk,3,"['Win-back Strategies', 'Special Discounts']"
PM-19135,52,4,4115.662,4,2,4,10,Loyal Customers,1,"['Maintain Engagement', 'Cross-selling Products']"
PN-18775,31,8,1467.152,4,4,2,10,Loyal Customers,0,"['Maintain Engagement', 'Cross-selling Products']"
PO-18850,5,11,7473.828200000001,5,5,5,15,Best Customers,0,"['Increase Loyalty Programs', 'Upselling Opportunities']"
PO-18865,1,7,2493.214,5,4,3,12,Loyal Customers,0,"['Maintain Engagement', 'Cross-selling Products']"
PO-19180,161,9,4893.043,2,5,5,12,Loyal Customers,0,"['Maintain Engagement', 'Cross-selling Products']"
PO-19195,87,5,1056.858,3,2,2,7,Potential Loyalists,1,"['Encourage More Frequent Purchases', 'Targeted Promotions']"
PP-18955,98,10,7252.608,3,5,5,13,Best Customers,0,"['Increase Loyalty Programs', 'Upselling Opportunities']"
PR-18880,37,5,1840.178,4,2,3,9,Potential Loyalists,1,"['Encourage More Frequent Purchases', 'Targeted Promotions']"
PS-18760,108,6,2181.479,2,3,3,8,Potential Loyalists,1,"['Encourage More Frequent Purchases', 'Targeted Promotions']"
PS-18970,70,8,1278.639,3,4,2,9,Potential Loyalists,0,"['Encourage More Frequent Purchases', 'Targeted Promotions']"
PS-19045,237,7,6843.634,1,4,5,10,Loyal Customers,0,"['Maintain Engagement', 'Cross-selling Products']"
PT-19090,72,4,160.572,3,2,1,6,Need Attention,2,"['Reactivation Campaigns', 'Feedback Collection']"
PV-18985,90,5,2876.046,3,2,4,9,Potential Loyalists,1,"['Encourage More Frequent Purchases', 'Targeted Promotions']"
PW-19030,47,10,3454.916,4,5,4,13,Best Customers,0,"['Increase Loyalty Programs', 'Upselling Opportunities']"
PW-19240,466,7,3922.4150000000004,1,4,4,9,Potential Loyalists,3,"['Encourage More Frequent Purchases', 'Targeted Promotions']"
QJ-19255,26,9,6108.338,5,5,5,15,Best Customers,0,"['Increase Loyalty Programs', 'Upselling Opportunities']"
RA-19285,6,9,2617.906,5,5,3,13,Best Customers,0,"['Increase Loyalty Programs', 'Upselling Opportunities']"
RA-19885,44,7,3832.3140000000003,4,4,4,12,Loyal Customers,0,"['Maintain Engagement', 'Cross-selling Products']"
RA-19915,13,9,4793.543000000001,5,5,5,15,Best Customers,0,"['Increase Loyalty Programs', 'Upselling Opportunities']"
RA-19945,62,5,1686.9225000000001,3,2,2,7,Potential Loyalists,1,"['Encourage More Frequent Purchases', 'Targeted Promotions']"
RB-19330,69,2,1008.1959999999999,3,1,2,6,Need Attention,1,"['Reactivation Campaigns', 'Feedback Collection']"
RB-19360,97,6,15117.339,3,3,5,11,Loyal Customers,0,"['Maintain Engagement', 'Cross-selling Products']"
RB-19435,20,8,2663.0860000000002,5,4,3,12,Loyal Customers,0,"['Maintain Engagement', 'Cross-selling Products']"
RB-19465,10,12,4715.466,5,5,5,15,Best Customers,0,"['Increase Loyalty Programs', 'Upselling Opportunities']"
RB-19570,26,5,528.546,5,2,1,8,Potential Loyalists,1,"['Encourage More Frequent Purchases', 'Targeted Promotions']"
RB-19645,650,5,221.084,1,2,1,4,At Risk,3,"['Win-back Strategies', 'Special Discounts']"
RB-19705,55,4,2067.45,3,2,3,8,Potential Loyalists,1,"['Encourage More Frequent Purchases', 'Targeted Promotions']"
RB-19795,33,8,5633.316000000001,4,4,5,13,Best Customers,0,"['Increase Loyalty Programs', 'Upselling Opportunities']"
RC-19825,371,6,966.409,1,3,2,6,Need Attention,3,"['Reactivation Campaigns', 'Feedback Collection']"
RC-19960,111,6,885.7520000000001,2,3,1,6,Need Attention,1,"['Reactivation Campaigns', 'Feedback Collection']"
RD-19480,73,8,4272.93,3,4,4,11,Loyal Customers,0,"['Maintain Engagement', 'Cross-selling Products']"
RD-19585,181,10,2912.8940000000002,2,5,4,11,Loyal Customers,0,"['Maintain Engagement', 'Cross-selling Products']"
RD-19660,115,5,2786.632,2,2,4,8,Potential Loyalists,1,"['Encourage More Frequent Purchases', 'Targeted Promotions']"
RD-19720,22,10,1419.737,5,5,2,12,Loyal Customers,0,"['Maintain Engagement', 'Cross-selling Products']"
RD-19810,15,8,1137.616,5,4,2,11,Loyal Customers,0,"['Maintain Engagement', 'Cross-selling Products']"
RD-19900,115,9,3133.924,2,5,4,11,Loyal Customers,0,"['Maintain Engagement', 'Cross-selling Products']"
RD-19930,43,4,970.9420000000001,4,2,2,8,Potential Loyalists,1,"['Encourage More Frequent Purchases', 'Targeted Promotions']"
RE-19405,1098,1,48.36,1,1,1,3,At Risk,3,"['Win-back Strategies', 'Special Discounts']"
RE-19450,303,5,876.696,1,2,1,4,At Risk,1,"['Win-back Strategies', 'Special Discounts']"
RF-19345,392,8,3309.15,1,4,4,9,Potential Loyalists,0,"['Encourage More Frequent Purchases', 'Targeted Promotions']"
RF-19735,90,7,2341.2960000000003,3,4,3,10,Loyal Customers,0,"['Maintain Engagement', 'Cross-selling Products']"
RF-19840,7,8,945.222,5,4,1,10,Loyal Customers,1,"['Maintain Engagement', 'Cross-selling Products']"
RH-19495,33,5,3621.3759999999997,4,2,4,10,Loyal Customers,1,"['Maintain Engagement', 'Cross-selling Products']"
RH-19510,469,6,6979.18,1,3,5,9,Potential Loyalists,3,"['Encourage More Frequent Purchases', 'Targeted Promotions']"
RH-19555,521,2,740.382,1,1,1,3,At Risk,3,"['Win-back Strategies', 'Special Discounts']"
RH-19600,536,3,2085.7400000000002,1,1,3,5,Need Attention,3,"['Reactivation Campaigns', 'Feedback Collection']"
RK-19300,120,3,1460.192,2,1,2,5,Need Attention,1,"['Reactivation Campaigns', 'Feedback Collection']"
RL-19615,122,8,6234.91,2,4,5,11,Loyal Customers,0,"['Maintain Engagement', 'Cross-selling Products']"
RM-19375,347,6,1453.474,1,3,2,6,Need Attention,1,"['Reactivation Campaigns', 'Feedback Collection']"
RM-19675,7,5,5979.0960000000005,5,2,5,12,Loyal Customers,1,"['Maintain Engagement', 'Cross-selling Products']"
RM-19750,300,1,98.35,1,1,1,3,At Risk,2,"['Win-back Strategies', 'Special Discounts']"
RO-19780,36,7,3815.478,4,4,4,12,Loyal Customers,0,"['Maintain Engagement', 'Cross-selling Products']"
RP-19270,498,4,954.6451999999999,1,2,1,4,At Risk,3,"['Win-back Strategies', 'Special Discounts']"
RP-19390,34,12,5153.084000000001,4,5,5,14,Best Customers,0,"['Increase Loyalty Programs', 'Upselling Opportunities']"
RP-19855,29,8,2170.716,4,4,3,11,Loyal Customers,0,"['Maintain Engagement', 'Cross-selling Products']"
RR-19315,20,2,615.932,5,1,1,7,Potential Loyalists,1,"['Encourage More Frequent Purchases', 'Targeted Promotions']"
RR-19525,171,6,3302.262,2,3,4,9,Potential Loyalists,1,"['Encourage More Frequent Purchases', 'Targeted Promotions']"
RS-19420,77,5,3221.29,3,2,4,9,Potential Loyalists,1,"['Encourage More Frequent Purchases', 'Targeted Promotions']"
RS-19765,37,8,4159.7699999999995,4,4,4,12,Loyal Customers,0,"['Maintain Engagement', 'Cross-selling Products']"
RS-19870,20,2,22.328,5,1,1,7,Potential Loyalists,2,"['Encourage More Frequent Purchases', 'Targeted Promotions']"
RW-19540,121,7,7397.401,2,4,5,11,Loyal Customers,0,"['Maintain Engagement', 'Cross-selling Products']"
RW-19630,90,9,3279.746,3,5,4,12,Loyal Customers,0,"['Maintain Engagement', 'Cross-selling Products']"
RW-19690,80,5,3495.646,3,2,4,9,Potential Loyalists,1,"['Encourage More Frequent Purchases', 'Targeted Promotions']"
SA-20830,64,10,4767.3415,3,5,5,13,Best Customers,0,"['Increase Loyalty Programs', 'Upselling Opportunities']"
SB-20170,202,3,1348.02,2,1,2,5,Need Attention,1,"['Reactivation Campaigns', 'Feedback Collection']"
SB-20185,189,6,6410.996,2,3,5,10,Loyal Customers,0,"['Maintain Engagement', 'Cross-selling Products']"
SB-20290,48,7,8057.891,4,4,5,13,Best Customers,0,"['Increase Loyalty Programs', 'Upselling Opportunities']"
SC-20020,782,5,3362.9636,1,2,4,7,Potential Loyalists,3,"['Encourage More Frequent Purchases', 'Targeted Promotions']"
SC-20050,41,9,4624.572,4,5,5,14,Best Customers,0,"['Increase Loyalty Programs', 'Upselling Opportunities']"
SC-20095,351,9,14142.333999999999,1,5,5,11,Loyal Customers,0,"['Maintain Engagement', 'Cross-selling Products']"
SC-20230,150,4,4371.9580000000005,2,2,5,9,Potential Loyalists,1,"['Encourage More Frequent Purchases', 'Targeted Promotions']"
SC-20260,188,8,3729.7929999999997,2,4,4,10,Loyal Customers,0,"['Maintain Engagement', 'Cross-selling Products']"
SC-20305,30,7,3979.065,4,4,4,12,Loyal Customers,0,"['Maintain Engagement', 'Cross-selling Products']"
SC-20380,31,9,5992.536,4,5,5,14,Best Customers,0,"['Increase Loyalty Programs', 'Upselling Opportunities']"
SC-20440,37,7,1874.998,4,4,3,11,Loyal Customers,1,"['Maintain Engagement', 'Cross-selling Products']"
SC-20575,93,5,902.7280000000001,3,2,1,6,Need Attention,1,"['Reactivation Campaigns', 'Feedback Collection']"
SC-20680,127,6,1254.64,2,3,2,7,Potential Loyalists,1,"['Encourage More Frequent Purchases', 'Targeted Promotions']"
SC-20695,90,10,2576.408,3,5,3,11,Loyal Customers,0,"['Maintain Engagement', 'Cross-selling Products']"
SC-20725,188,11,5226.21,2,5,5,12,Loyal Customers,0,"['Maintain Engagement', 'Cross-selling Products']"
SC-20770,42,7,4492.657,4,4,5,13,Best Customers,0,"['Increase Loyalty Programs', 'Upselling Opportunities']"
SC-20800,31,4,279.25600000000003,4,2,1,7,Potential Loyalists,2,"['Encourage More Frequent Purchases', 'Targeted Promotions']"
SC-20845,132,2,280.632,2,1,1,4,At Risk,2,"['Win-back Strategies', 'Special Discounts']"
SD-20485,201,9,6121.114,2,5,5,12,Loyal Customers,0,"['Maintain Engagement', 'Cross-selling Products']"
SE-20110,10,11,12209.438000000002,5,5,5,15,Best Customers,0,"['Increase Loyalty Programs', 'Upselling Opportunities']"
SF-20065,60,7,763.5459999999999,3,4,1,8,Potential Loyalists,1,"['Encourage More Frequent Purchases', 'Targeted Promotions']"
SF-20200,60,9,3422.7859999999996,3,5,4,12,Loyal Customers,0,"['Maintain Engagement', 'Cross-selling Products']"
SF-20965,49,9,3336.5350000000003,4,5,4,13,Best Customers,0,"['Increase Loyalty Programs', 'Upselling Opportunities']"
SG-20080,9,3,3406.581,5,1,4,10,Loyal Customers,1,"['Maintain Engagement', 'Cross-selling Products']"
SG-20470,184,8,1884.7979999999998,2,4,3,9,Potential Loyalists,0,"['Encourage More Frequent Purchases', 'Targeted Promotions']"
SG-20605,109,6,3124.832,2,3,4,9,Potential Loyalists,1,"['Encourage More Frequent Purchases', 'Targeted Promotions']"
SG-20890,227,3,47.946,1,1,1,3,At Risk,2,"['Win-back Strategies', 'Special Discounts']"
SH-19975,30,13,3406.8395,4,5,4,13,Best Customers,0,"['Increase Loyalty Programs', 'Upselling Opportunities']"
SH-20395,24,10,2180.718,5,5,3,13,Best Customers,0,"['Increase Loyalty Programs', 'Upselling Opportunities']"
SH-20635,766,2,2096.3920000000003,1,1,3,5,Need Attention,3,"['Reactivation Campaigns', 'Feedback Collection']"
SJ-20125,96,12,3949.656,3,5,4,12,Loyal Customers,0,"['Maintain Engagement', 'Cross-selling Products']"
SJ-20215,30,6,1341.036,4,3,2,9,Potential Loyalists,1,"['Encourage More Frequent Purchases', 'Targeted Promotions']"
SJ-20500,254,5,1318.776,1,2,2,5,Need Attention,1,"['Reactivation Campaigns', 'Feedback Collection']"
SK-19990,9,3,883.409,5,1,1,7,Potential Loyalists,1,"['Encourage More Frequent Purchases', 'Targeted Promotions']"
SL-20155,71,7,3053.012,3,4,4,11,Loyal Customers,0,"['Maintain Engagement', 'Cross-selling Products']"
SM-20005,423,4,244.494,1,2,1,4,At Risk,2,"['Win-back Strategies', 'Special Discounts']"
SM-20320,80,5,25043.05,3,2,5,10,Loyal Customers,0,"['Maintain Engagement', 'Cross-selling Products']"
SM-20905,608,1,1043.0410000000002,1,1,2,4,At Risk,3,"['Win-back Strategies', 'Special Discounts']"
SM-20950,26,12,5563.392,5,5,5,15,Best Customers,0,"['Increase Loyalty Programs', 'Upselling Opportunities']"
SN-20560,112,6,1860.4179999999997,2,3,3,8,Potential Loyalists,1,"['Encourage More Frequent Purchases', 'Targeted Promotions']"
SN-20710,80,7,3127.9592,3,4,4,11,Loyal Customers,0,"['Maintain Engagement', 'Cross-selling Products']"
SO-20335,30,6,2602.5755,4,3,3,10,Loyal Customers,1,"['Maintain Engagement', 'Cross-selling Products']"
SP-20545,329,6,1306.086,1,3,2,6,Need Attention,1,"['Reactivation Campaigns', 'Feedback Collection']"
SP-20620,48,9,5440.319,4,5,5,14,Best Customers,0,"['Increase Loyalty Programs', 'Upselling Opportunities']"
SP-20650,388,9,1872.4360000000001,1,5,3,9,Potential Loyalists,0,"['Encourage More Frequent Purchases', 'Targeted Promotions']"
SP-20860,80,10,4282.9400000000005,3,5,5,13,Best Customers,0,"['Increase Loyalty Programs', 'Upselling Opportunities']"
SP-20920,71,6,3990.689,3,3,4,10,Loyal Customers,1,"['Maintain Engagement', 'Cross-selling Products']"
SR-20425,9,5,3233.4810000000007,5,2,4,11,Loyal Customers,1,"['Maintain Engagement', 'Cross-selling Products']"
SR-20740,197,8,4345.8859999999995,2,4,5,11,Loyal Customers,0,"['Maintain Engagement', 'Cross-selling Products']"
SS-20140,16,8,1324.028,5,4,2,11,Loyal Customers,0,"['Maintain Engagement', 'Cross-selling Products']"
SS-20410,111,6,3056.807,2,3,4,9,Potential Loyalists,1,"['Encourage More Frequent Purchases', 'Targeted Promotions']"
SS-20515,493,3,613.4,1,1,1,3,At Risk,3,"['Win-back Strategies', 'Special Discounts']"
SS-20590,434,6,418.49,1,3,1,5,Need Attention,3,"['Reactivation Campaigns', 'Feedback Collection']"
SS-20875,121,5,964.6360000000001,2,2,2,6,Need Attention,1,"['Reactivation Campaigns', 'Feedback Collection']"
ST-20530,126,7,433.34000000000003,2,4,1,7,Potential Loyalists,1,"['Encourage More Frequent Purchases', 'Targeted Promotions']"
SU-20665,21,7,2595.364,5,4,3,12,Loyal Customers,0,"['Maintain Engagement', 'Cross-selling Products']"
SV-20365,102,10,11470.95,3,5,5,13,Best Customers,0,"['Increase Loyalty Programs', 'Upselling Opportunities']"
SV-20785,322,9,4105.305,1,5,4,10,Loyal Customers,0,"['Maintain Engagement', 'Cross-selling Products']"
SV-20815,77,4,1271.0900000000001,3,2,2,7,Potential Loyalists,1,"['Encourage More Frequent Purchases', 'Targeted Promotions']"
SV-20935,3,8,1903.491,5,4,3,12,Loyal Customers,0,"['Maintain Engagement', 'Cross-selling Products']"
SW-20245,82,7,1085.078,3,4,2,9,Potential Loyalists,1,"['Encourage More Frequent Purchases', 'Targeted Promotions']"
SW-20275,31,6,1966.65,4,3,3,10,Loyal Customers,1,"['Maintain Engagement', 'Cross-selling Products']"
SW-20350,163,3,1019.0440000000001,2,1,2,5,Need Attention,1,"['Reactivation Campaigns', 'Feedback Collection']"
SW-20455,163,7,2921.544,2,4,4,10,Loyal Customers,0,"['Maintain Engagement', 'Cross-selling Products']"
SW-20755,536,2,758.6959999999999,1,1,1,3,At Risk,3,"['Win-back Strategies', 'Special Discounts']"
SZ-20035,36,11,3625.329,4,5,4,13,Best Customers,0,"['Increase Loyalty Programs', 'Upselling Opportunities']"
TA-21385,70,4,14595.62,3,2,5,10,Loyal Customers,1,"['Maintain Engagement', 'Cross-selling Products']"
TB-21055,120,5,1467.881,2,2,2,6,Need Attention,1,"['Reactivation Campaigns', 'Feedback Collection']"
TB-21175,59,4,3589.296,3,2,4,9,Potential Loyalists,1,"['Encourage More Frequent Purchases', 'Targeted Promotions']"
TB-21190,50,4,816.1740000000001,4,2,1,7,Potential Loyalists,1,"['Encourage More Frequent Purchases', 'Targeted Promotions']"
TB-21250,351,7,1602.3760000000002,1,4,2,7,Potential Loyalists,1,"['Encourage More Frequent Purchases', 'Targeted Promotions']"
TB-21280,585,6,2198.45,1,3,3,7,Potential Loyalists,3,"['Encourage More Frequent Purchases', 'Targeted Promotions']"
TB-21355,147,5,834.328,2,2,1,5,Need Attention,1,"['Reactivation Campaigns', 'Feedback Collection']"
TB-21400,203,7,9133.99,2,4,5,11,Loyal Customers,0,"['Maintain Engagement', 'Cross-selling Products']"
TB-21520,108,9,4737.486000000001,2,5,5,12,Loyal Customers,0,"['Maintain Engagement', 'Cross-selling Products']"
TB-21595,286,5,1387.559,1,2,2,5,Need Attention,1,"['Reactivation Campaigns', 'Feedback Collection']"
TB-21625,31,9,2797.668,4,5,4,13,Best Customers,0,"['Increase Loyalty Programs', 'Upselling Opportunities']"
TC-20980,401,5,19052.217999999997,1,2,5,8,Potential Loyalists,0,"['Encourage More Frequent Purchases', 'Targeted Promotions']"
TC-21145,107,1,1038.26,2,1,2,5,Need Attention,1,"['Reactivation Campaigns', 'Feedback Collection']"
TC-21295,28,8,4266.812,4,4,4,12,Loyal Customers,0,"['Maintain Engagement', 'Cross-selling Products']"
TC-21475,154,9,1244.976,2,5,2,9,Potential Loyalists,0,"['Encourage More Frequent Purchases', 'Targeted Promotions']"
TC-21535,5,7,742.5580000000001,5,4,1,10,Loyal Customers,1,"['Maintain Engagement', 'Cross-selling Products']"
TD-20995,38,9,1434.548,4,5,2,11,Loyal Customers,0,"['Maintain Engagement', 'Cross-selling Products']"
TG-21310,339,5,3058.3720000000003,1,3,4,8,Potential Loyalists,1,"['Encourage More Frequent Purchases', 'Targeted Promotions']"
TG-21640,115,4,2074.661,2,2,3,7,Potential Loyalists,1,"['Encourage More Frequent Purchases', 'Targeted Promotions']"
TH-21100,346,5,2422.824,1,3,3,7,Potential Loyalists,1,"['Encourage More Frequent Purchases', 'Targeted Promotions']"
TH-21115,59,4,2942.772,3,2,4,9,Potential Loyalists,1,"['Encourage More Frequent Purchases', 'Targeted Promotions']"
TH-21235,118,8,1022.2010000000001,2,4,2,8,Potential Loyalists,1,"['Encourage More Frequent Purchases', 'Targeted Promotions']"
TH-21550,73,7,4234.0960000000005,3,4,4,11,Loyal Customers,0,"['Maintain Engagement', 'Cross-selling Products']"
TM-21010,104,8,2955.2259999999997,3,4,4,11,Loyal Customers,0,"['Maintain Engagement', 'Cross-selling Products']"
TM-21490,131,3,1094.6779999999999,2,1,2,5,Need Attention,1,"['Reactivation Campaigns', 'Feedback Collection']"
TN-21040,91,7,3130.221,3,4,4,11,Loyal Customers,0,"['Maintain Engagement', 'Cross-selling Products']"
TP-21130,9,9,4454.0560000000005,5,5,5,15,Best Customers,0,"['Increase Loyalty Programs', 'Upselling Opportunities']"
TP-21415,105,5,5329.0048,2,3,5,10,Loyal Customers,1,"['Maintain Engagement', 'Cross-selling Products']"
TP-21565,352,4,1936.6400000000003,1,2,3,6,Need Attention,3,"['Reactivation Campaigns', 'Feedback Collection']"
TR-21325,194,5,675.9419999999999,2,3,1,6,Need Attention,1,"['Reactivation Campaigns', 'Feedback Collection']"
TS-21085,359,2,4.833000000000001,1,1,1,3,At Risk,2,"['Win-back Strategies', 'Special Discounts']"
TS-21160,506,6,2163.624,1,3,3,7,Potential Loyalists,3,"['Encourage More Frequent Purchases', 'Targeted Promotions']"
TS-21205,199,7,5371.09,2,4,5,11,Loyal Customers,0,"['Maintain Engagement', 'Cross-selling Products']"
TS-21340,227,5,974.782,1,3,2,6,Need Attention,1,"['Reactivation Campaigns', 'Feedback Collection']"
TS-21370,37,6,11891.751,4,3,5,12,Loyal Customers,0,"['Maintain Engagement', 'Cross-selling Products']"
TS-21430,173,5,2054.14,2,3,3,8,Potential Loyalists,1,"['Encourage More Frequent Purchases', 'Targeted Promotions']"
TS-21505,12,6,2243.274,5,3,3,11,Loyal Customers,1,"['Maintain Engagement', 'Cross-selling Products']"
TS-21610,56,7,2820.424,3,4,4,11,Loyal Customers,0,"['Maintain Engagement', 'Cross-selling Products']"
TS-21655,239,5,3368.094,1,3,4,8,Potential Loyalists,1,"['Encourage More Frequent Purchases', 'Targeted Promotions']"
TT-21070,32,7,4915.602,4,4,5,13,Best Customers,0,"['Increase Loyalty Programs', 'Upselling Opportunities']"
TT-21220,184,8,1427.0439999999999,2,4,2,8,Potential Loyalists,0,"['Encourage More Frequent Purchases', 'Targeted Promotions']"
TT-21265,408,3,439.5,1,1,1,3,At Risk,3,"['Win-back Strategies', 'Special Discounts']"
TT-21460,13,7,5364.808,5,4,5,14,Best Customers,0,"['Increase Loyalty Programs', 'Upselling Opportunities']"
TW-21025,65,7,5278.826,3,4,5,12,Loyal Customers,0,"['Maintain Engagement', 'Cross-selling Products']"
TZ-21580,36,4,1707.286,4,2,2,8,Potential Loyalists,1,"['Encourage More Frequent Purchases', 'Targeted Promotions']"
VB-21745,55,6,2005.596,3,3,3,9,Potential Loyalists,1,"['Encourage More Frequent Purchases', 'Targeted Promotions']"
VD-21670,583,6,6442.254,1,3,5,9,Potential Loyalists,3,"['Encourage More Frequent Purchases', 'Targeted Promotions']"
VF-21715,14,5,847.944,5,3,1,9,Potential Loyalists,1,"['Encourage More Frequent Purchases', 'Targeted Promotions']"
VG-21790,155,6,846.01,2,3,1,6,Need Attention,1,"['Reactivation Campaigns', 'Feedback Collection']"
VG-21805,287,5,427.372,1,3,1,5,Need Attention,2,"['Reactivation Campaigns', 'Feedback Collection']"
VM-21685,55,7,2454.866,3,4,3,10,Loyal Customers,0,"['Maintain Engagement', 'Cross-selling Products']"
VM-21835,118,5,380.69,2,3,1,6,Need Attention,2,"['Reactivation Campaigns', 'Feedback Collection']"
VP-21730,31,3,993.902,4,1,2,7,Potential Loyalists,1,"['Encourage More Frequent Purchases', 'Targeted Promotions']"
VP-21760,76,7,3360.5260000000003,3,4,4,11,Loyal Customers,0,"['Maintain Engagement', 'Cross-selling Products']"
VS-21820,222,4,1055.981,2,2,2,6,Need Attention,1,"['Reactivation Campaigns', 'Feedback Collection']"
VT-21700,1001,2,1736.596,1,1,2,4,At Risk,3,"['Win-back Strategies', 'Special Discounts']"
VW-21775,29,10,6134.0380000000005,4,5,5,14,Best Customers,0,"['Increase Loyalty Programs', 'Upselling Opportunities']"
WB-21850,21,11,6160.102,5,5,5,15,Best Customers,0,"['Increase Loyalty Programs', 'Upselling Opportunities']"
XP-21865,44,11,2374.658,4,5,3,12,Loyal Customers,0,"['Maintain Engagement', 'Cross-selling Products']"
YC-21895,5,5,5454.35,5,3,5,13,Best Customers,1,"['Increase Loyalty Programs', 'Upselling Opportunities']"
YS-21880,10,8,6720.444,5,4,5,14,Best Customers,0,"['Increase Loyalty Programs', 'Upselling Opportunities']"
ZC-21910,55,13,8025.707,3,5,5,13,Best Customers,0,"['Increase Loyalty Programs', 'Upselling Opportunities']"
ZD-21925,203,5,1493.9440000000002,2,3,2,7,Potential Loyalists,1,"['Encourage More Frequent Purchases', 'Targeted Promotions']"
